match_date,home_team,away_team,Total_xG_home,Total_xG_away,home_goals,away_goals
2021-08-13 19:00:00,Brentford,Arsenal,1.88818,1.02385,2,0
2021-08-14 11:30:00,Manchester United,Leeds,1.64248,0.568342,5,1
2021-08-14 14:00:00,Burnley,Brighton,1.79548,1.6853,1,2
2021-08-14 14:00:00,Chelsea,Crystal Palace,1.18709,0.321701,3,0
2021-08-14 14:00:00,Everton,Southampton,2.38863,0.580601,3,1
2021-08-14 14:00:00,Leicester,Wolverhampton Wanderers,0.668082,1.32714,1,0
2021-08-14 14:00:00,Watford,Aston Villa,1.35036,1.13718,3,2
2021-08-14 16:30:00,Norwich,Liverpool,1.3333,1.78728,0,3
2021-08-15 13:00:00,Newcastle United,West Ham,1.67926,3.00939,2,4
2021-08-15 15:30:00,Tottenham,Manchester City,1.06014,2.10585,1,0
2021-08-21 11:30:00,Liverpool,Burnley,2.63945,0.690464,2,0
2021-08-21 14:00:00,Aston Villa,Newcastle United,1.18426,0.63163,2,0
2021-08-21 14:00:00,Manchester City,Norwich,2.43928,0.0250088,5,0
2021-08-21 14:00:00,Crystal Palace,Brentford,0.606313,0.712439,0,0
2021-08-21 14:00:00,Leeds,Everton,0.966093,1.85713,2,2
2021-08-21 16:30:00,Brighton,Watford,1.77896,0.407224,2,0
2021-08-22 13:00:00,Southampton,Manchester United,0.587526,2.26173,1,1
2021-08-22 13:00:00,Wolverhampton Wanderers,Tottenham,1.51127,1.72636,0,1
2021-08-22 15:30:00,Arsenal,Chelsea,0.630099,3.64132,0,2
2021-08-23 19:00:00,West Ham,Leicester,2.28613,0.62676,4,1
2021-08-28 11:30:00,Manchester City,Arsenal,4.47273,0.116805,5,0
2021-08-28 14:00:00,West Ham,Crystal Palace,1.44748,1.67658,2,2
2021-08-28 14:00:00,Norwich,Leicester,1.44084,1.27371,1,2
2021-08-28 14:00:00,Newcastle United,Southampton,1.19077,3.46036,2,2
2021-08-28 14:00:00,Aston Villa,Brentford,0.431464,1.13312,1,1
2021-08-28 14:00:00,Brighton,Everton,0.701622,1.54868,0,2
2021-08-28 16:30:00,Liverpool,Chelsea,2.08462,0.573638,1,1
2021-08-29 13:00:00,Burnley,Leeds,1.71102,1.52078,1,1
2021-08-29 13:00:00,Tottenham,Watford,0.920963,0.596016,1,0
2021-08-29 15:30:00,Wolverhampton Wanderers,Manchester United,1.79575,0.944083,0,1
2021-09-11 11:30:00,Crystal Palace,Tottenham,2.89372,0.0775646,3,0
2021-09-11 14:00:00,Arsenal,Norwich,2.68515,0.577292,1,0
2021-09-11 14:00:00,Brentford,Brighton,0.729786,0.287902,0,1
2021-09-11 14:00:00,Leicester,Manchester City,0.8001,2.75058,0,1
2021-09-11 14:00:00,Manchester United,Newcastle United,2.77326,0.622042,4,1
2021-09-11 14:00:00,Southampton,West Ham,0.692135,0.725407,0,0
2021-09-11 14:00:00,Watford,Wolverhampton Wanderers,0.185407,2.55922,0,2
2021-09-11 16:30:00,Chelsea,Aston Villa,1.22153,1.17349,3,0
2021-09-12 15:30:00,Leeds,Liverpool,0.652514,4.4016,0,3
2021-09-13 19:00:00,Everton,Burnley,1.80386,1.82061,3,1
2021-09-17 19:00:00,Newcastle United,Leeds,1.17668,1.42995,1,1
2021-09-18 11:30:00,Wolverhampton Wanderers,Brentford,1.02316,2.32741,0,2
2021-09-18 14:00:00,Burnley,Arsenal,0.775574,1.09928,0,1
2021-09-18 14:00:00,Liverpool,Crystal Palace,2.76793,0.644168,3,0
2021-09-18 14:00:00,Manchester City,Southampton,1.22451,0.490923,0,0
2021-09-18 14:00:00,Norwich,Watford,0.782665,2.42487,1,3
2021-09-18 16:30:00,Aston Villa,Everton,0.777716,0.755035,3,0
2021-09-19 13:00:00,Brighton,Leicester,1.47438,1.25373,2,1
2021-09-19 13:00:00,West Ham,Manchester United,1.6671,1.8954,1,2
2021-09-19 15:30:00,Tottenham,Chelsea,0.70567,2.5869,0,3
2021-09-25 11:30:00,Chelsea,Manchester City,0.194202,1.69244,0,1
2021-09-25 11:30:00,Manchester United,Aston Villa,1.9251,1.57249,0,1
2021-09-25 14:00:00,Everton,Norwich,2.26681,0.800903,2,0
2021-09-25 14:00:00,Leeds,West Ham,1.1967,1.98962,1,2
2021-09-25 14:00:00,Leicester,Burnley,2.16233,0.428866,2,2
2021-09-25 14:00:00,Watford,Newcastle United,0.904061,2.52338,1,1
2021-09-25 16:30:00,Brentford,Liverpool,2.94058,2.25736,3,3
2021-09-26 13:00:00,Southampton,Wolverhampton Wanderers,0.909342,0.909833,0,1
2021-09-26 15:30:00,Arsenal,Tottenham,1.44499,0.980166,3,1
2021-09-27 19:00:00,Crystal Palace,Brighton,1.36836,0.649566,1,1
2021-10-02 11:30:00,Manchester United,Everton,1.0496,1.32211,1,1
2021-10-02 14:00:00,Wolverhampton Wanderers,Newcastle United,1.15849,0.865217,2,1
2021-10-02 14:00:00,Burnley,Norwich,0.584725,0.673617,0,0
2021-10-02 14:00:00,Chelsea,Southampton,3.79243,1.52634,3,1
2021-10-02 14:00:00,Leeds,Watford,1.57388,0.192794,1,0
2021-10-02 16:30:00,Brighton,Arsenal,1.11551,0.36431,0,0
2021-10-03 13:00:00,Crystal Palace,Leicester,1.1703,1.04322,2,2
2021-10-03 13:00:00,West Ham,Brentford,1.37258,1.30098,1,2
2021-10-03 13:00:00,Tottenham,Aston Villa,1.78187,1.07395,2,1
2021-10-03 15:30:00,Liverpool,Manchester City,0.949368,1.04319,2,2
2021-10-16 11:30:00,Watford,Liverpool,0.302302,3.65553,0,5
2021-10-16 14:00:00,Aston Villa,Wolverhampton Wanderers,1.21276,2.19633,2,3
2021-10-16 14:00:00,Leicester,Manchester United,2.96611,1.02494,4,2
2021-10-16 14:00:00,Manchester City,Burnley,2.15712,1.07719,2,0
2021-10-16 14:00:00,Norwich,Brighton,1.16088,1.17572,0,0
2021-10-16 14:00:00,Southampton,Leeds,1.83082,0.446173,1,0
2021-10-16 16:30:00,Brentford,Chelsea,1.62169,0.248256,0,1
2021-10-17 13:00:00,Everton,West Ham,0.854165,2.03034,0,1
2021-10-17 15:30:00,Newcastle United,Tottenham,0.645658,1.55008,2,3
2021-10-18 19:00:00,Arsenal,Crystal Palace,1.7436,0.492239,2,2
2021-10-22 19:00:00,Arsenal,Aston Villa,3.4984,1.41088,3,1
2021-10-23 11:30:00,Chelsea,Norwich,3.10509,0.267429,7,0
2021-10-23 14:00:00,Southampton,Burnley,1.42567,0.673195,2,2
2021-10-23 14:00:00,Crystal Palace,Newcastle United,2.25588,0.721813,1,1
2021-10-23 14:00:00,Everton,Watford,1.84089,3.10344,2,5
2021-10-23 14:00:00,Leeds,Wolverhampton Wanderers,1.71313,0.858644,1,1
2021-10-23 16:30:00,Brighton,Manchester City,1.1695,3.57376,1,4
2021-10-24 13:00:00,Brentford,Leicester,1.16789,1.00254,1,2
2021-10-24 13:00:00,West Ham,Tottenham,1.73468,0.672198,1,0
2021-10-24 15:30:00,Manchester United,Liverpool,1.35584,4.04765,0,5
2021-10-30 11:30:00,Leicester,Arsenal,1.98801,1.10288,0,2
2021-10-30 14:00:00,Watford,Southampton,0.852556,1.90757,0,1
2021-10-30 14:00:00,Newcastle United,Chelsea,0.157616,2.16608,0,3
2021-10-30 14:00:00,Manchester City,Crystal Palace,0.65739,1.05029,0,2
2021-10-30 14:00:00,Liverpool,Brighton,1.39778,1.51032,2,2
2021-10-30 14:00:00,Burnley,Brentford,2.72901,0.834312,3,1
2021-10-30 16:30:00,Tottenham,Manchester United,1.15787,1.38612,0,3
2021-10-31 14:00:00,Norwich,Leeds,0.661887,1.16855,1,2
2021-10-31 16:30:00,Aston Villa,West Ham,0.687551,2.66391,1,4
2021-11-01 20:00:00,Wolverhampton Wanderers,Everton,1.69344,1.69767,2,1
2021-11-05 20:00:00,Southampton,Aston Villa,0.89818,0.536077,1,0
2021-11-06 12:30:00,Manchester United,Manchester City,0.759561,2.04202,0,2
2021-11-06 15:00:00,Crystal Palace,Wolverhampton Wanderers,2.65161,0.25416,2,0
2021-11-06 15:00:00,Chelsea,Burnley,3.00585,0.674072,1,1
2021-11-06 15:00:00,Brentford,Norwich,2.79229,1.15797,1,2
2021-11-06 17:30:00,Brighton,Newcastle United,1.43123,0.227321,1,1
2021-11-07 14:00:00,Arsenal,Watford,1.49208,0.491659,1,0
2021-11-07 14:00:00,Everton,Tottenham,0.597906,0.801798,0,0
2021-11-07 14:00:00,Leeds,Leicester,1.96551,0.795292,1,1
2021-11-07 16:30:00,West Ham,Liverpool,1.25298,1.45641,3,2
2021-11-20 12:30:00,Leicester,Chelsea,0.499504,2.57178,0,3
2021-11-20 15:00:00,Watford,Manchester United,2.73393,1.66794,4,1
2021-11-20 15:00:00,Norwich,Southampton,0.43778,1.13118,2,1
2021-11-20 15:00:00,Newcastle United,Brentford,2.18388,1.23275,3,3
2021-11-20 15:00:00,Wolverhampton Wanderers,West Ham,1.31903,0.436331,1,0
2021-11-20 15:00:00,Burnley,Crystal Palace,1.04224,1.74839,3,3
2021-11-20 15:00:00,Aston Villa,Brighton,1.06946,0.582787,2,0
2021-11-20 17:30:00,Liverpool,Arsenal,3.97374,0.268025,4,0
2021-11-21 14:00:00,Manchester City,Everton,2.61302,0.266894,3,0
2021-11-21 16:30:00,Tottenham,Leeds,2.31744,1.46689,2,1
2021-11-27 12:30:00,Arsenal,Newcastle United,2.84493,0.185383,2,0
2021-11-27 15:00:00,Crystal Palace,Aston Villa,0.962129,0.454305,1,2
2021-11-27 15:00:00,Liverpool,Southampton,3.07278,0.966132,4,0
2021-11-27 15:00:00,Norwich,Wolverhampton Wanderers,1.4047,0.297157,0,0
2021-11-27 17:30:00,Brighton,Leeds,1.90498,0.864829,0,0
2021-11-28 14:00:00,Manchester City,West Ham,2.72187,0.171763,2,1
2021-11-28 14:00:00,Leicester,Watford,2.16027,2.38383,4,2
2021-11-28 14:00:00,Brentford,Everton,1.19813,0.968075,1,0
2021-11-28 16:30:00,Chelsea,Manchester United,2.34525,0.563367,1,1
2021-11-30 19:30:00,Newcastle United,Norwich,1.15636,1.51084,1,1
2021-11-30 20:15:00,Leeds,Crystal Palace,1.9818,0.707328,1,0
2021-12-01 19:30:00,Southampton,Leicester,1.91169,1.4401,2,2
2021-12-01 19:30:00,Watford,Chelsea,0.990877,0.908574,1,2
2021-12-01 19:30:00,West Ham,Brighton,1.14679,1.2607,1,1
2021-12-01 19:30:00,Wolverhampton Wanderers,Burnley,0.711691,0.195537,0,0
2021-12-01 20:15:00,Aston Villa,Manchester City,0.772083,1.01897,1,2
2021-12-01 20:15:00,Everton,Liverpool,0.512263,2.86067,1,4
2021-12-02 19:30:00,Tottenham,Brentford,2.07248,0.225492,2,0
2021-12-02 20:15:00,Manchester United,Arsenal,1.85597,1.16638,3,2
2021-12-04 12:30:00,West Ham,Chelsea,2.0174,1.37049,3,2
2021-12-04 15:00:00,Wolverhampton Wanderers,Liverpool,0.095167,2.42332,0,1
2021-12-04 15:00:00,Southampton,Brighton,1.34236,1.4872,1,1
2021-12-04 15:00:00,Newcastle United,Burnley,1.70609,0.604599,1,0
2021-12-04 17:30:00,Watford,Manchester City,0.675105,4.03223,1,3
2021-12-05 14:00:00,Leeds,Brentford,1.41896,1.19959,2,2
2021-12-05 14:00:00,Manchester United,Crystal Palace,0.870376,0.520593,1,0
2021-12-05 14:00:00,Tottenham,Norwich,2.00668,1.06562,3,0
2021-12-05 16:30:00,Aston Villa,Leicester,1.84818,0.982614,2,1
2021-12-06 20:00:00,Everton,Arsenal,1.06108,1.05723,2,1
2021-12-10 20:00:00,Brentford,Watford,1.82799,0.561554,2,1
2021-12-11 12:30:00,Manchester City,Wolverhampton Wanderers,2.99915,0.0762839,1,0
2021-12-11 15:00:00,Liverpool,Aston Villa,2.71181,0.140573,1,0
2021-12-11 15:00:00,Arsenal,Southampton,2.08429,0.502215,3,0
2021-12-11 15:00:00,Chelsea,Leeds,2.74844,1.72934,3,2
2021-12-11 17:30:00,Norwich,Manchester United,0.986107,2.09817,0,1
2021-12-12 14:00:00,Burnley,West Ham,0.54801,0.998813,0,0
2021-12-12 14:00:00,Leicester,Newcastle United,2.05771,0.511934,4,0
2021-12-12 16:30:00,Crystal Palace,Everton,2.09864,1.27556,3,1
2021-12-14 19:45:00,Norwich,Aston Villa,0.502647,1.96261,0,2
2021-12-14 20:00:00,Manchester City,Leeds,3.31349,0.227498,7,0
2021-12-15 19:30:00,Crystal Palace,Southampton,1.49244,0.625183,2,2
2021-12-15 19:30:00,Brighton,Wolverhampton Wanderers,1.20118,1.11736,0,1
2021-12-15 20:00:00,Arsenal,West Ham,2.81482,0.338855,2,0
2021-12-16 19:45:00,Chelsea,Everton,3.20239,0.627528,1,1
2021-12-16 20:00:00,Liverpool,Newcastle United,2.93912,0.2064,3,1
2021-12-18 17:30:00,Leeds,Arsenal,1.31408,3.69008,1,4
2021-12-19 14:00:00,Wolverhampton Wanderers,Chelsea,0.321371,0.793952,0,0
2021-12-19 14:15:00,Newcastle United,Manchester City,0.174208,3.64686,0,4
2021-12-19 16:30:00,Tottenham,Liverpool,2.79777,1.54944,2,2
2021-12-26 15:00:00,Manchester City,Leicester,3.82869,2.43425,6,3
2021-12-26 15:00:00,Norwich,Arsenal,0.154212,2.87539,0,5
2021-12-26 15:00:00,Tottenham,Crystal Palace,2.82148,0.178324,3,0
2021-12-26 15:00:00,West Ham,Southampton,1.53745,1.35643,2,3
2021-12-26 17:30:00,Aston Villa,Chelsea,0.474029,2.8285,1,3
2021-12-26 20:00:00,Brighton,Brentford,0.943363,1.10342,2,0
2021-12-27 20:00:00,Newcastle United,Manchester United,1.26586,1.75587,1,1
2021-12-28 15:00:00,Crystal Palace,Norwich,2.38978,0.594134,3,0
2021-12-28 15:00:00,Southampton,Tottenham,0.353043,2.80917,1,1
2021-12-28 15:00:00,Watford,West Ham,1.0143,2.84084,1,4
2021-12-28 20:00:00,Leicester,Liverpool,0.615892,2.72682,1,0
2021-12-29 19:30:00,Chelsea,Brighton,0.763458,0.78663,1,1
2021-12-29 20:15:00,Brentford,Manchester City,0.238829,1.01763,0,1
2021-12-30 20:15:00,Manchester United,Burnley,1.80776,0.871738,3,1
2022-01-01 12:30:00,Arsenal,Manchester City,0.836949,1.94623,1,2
2022-01-01 15:00:00,Watford,Tottenham,0.303514,1.93752,0,1
2022-01-01 17:30:00,Crystal Palace,West Ham,2.69204,2.23146,2,3
2022-01-02 14:00:00,Leeds,Burnley,2.04186,0.960493,3,1
2022-01-02 14:00:00,Everton,Brighton,1.82698,1.48397,2,3
2022-01-02 14:00:00,Brentford,Aston Villa,0.501329,1.13821,2,1
2022-01-02 16:30:00,Chelsea,Liverpool,1.389,1.78897,2,2
2022-01-03 17:30:00,Manchester United,Wolverhampton Wanderers,0.768752,0.840925,0,1
2022-01-11 21:45:00,Southampton,Brentford,1.59306,0.621466,4,1
2022-01-12 21:45:00,West Ham,Norwich,2.89217,0.343347,2,0
2022-01-14 20:00:00,Brighton,Crystal Palace,2.18053,0.509681,1,1
2022-01-15 12:30:00,Manchester City,Chelsea,0.901703,0.613757,1,0
2022-01-15 15:00:00,Newcastle United,Watford,1.03855,1.49623,1,1
2022-01-15 15:00:00,Norwich,Everton,1.00153,0.541027,2,1
2022-01-15 15:00:00,Wolverhampton Wanderers,Southampton,2.29917,0.91728,3,1
2022-01-15 17:30:00,Aston Villa,Manchester United,1.82784,1.35378,2,2
2022-01-16 14:00:00,West Ham,Leeds,2.3549,2.26884,2,3
2022-01-16 14:00:00,Liverpool,Brentford,3.49099,0.376656,3,0
2022-01-18 09:45:00,Brighton,Chelsea,0.747557,0.572994,1,1
2022-01-19 19:30:00,Leicester,Tottenham,1.95031,4.24711,2,3
2022-01-19 20:00:00,Brentford,Manchester United,2.081,2.05969,1,3
2022-01-21 20:00:00,Watford,Norwich,1.30606,0.925212,0,3
2022-01-22 12:30:00,Everton,Aston Villa,1.2384,0.860245,0,1
2022-01-22 15:00:00,Brentford,Wolverhampton Wanderers,0.742573,0.218211,1,2
2022-01-22 15:00:00,Leeds,Newcastle United,1.12992,1.15904,0,1
2022-01-22 15:00:00,Manchester United,West Ham,1.75857,0.238027,1,0
2022-01-22 17:30:00,Southampton,Manchester City,1.00222,1.62907,1,1
2022-01-23 14:00:00,Leicester,Brighton,1.70979,1.19738,1,1
2022-01-23 14:00:00,Crystal Palace,Liverpool,1.62615,1.49697,1,3
2022-01-23 14:00:00,Arsenal,Burnley,1.35507,0.388963,0,0
2022-01-23 16:30:00,Chelsea,Tottenham,1.04212,0.328818,2,0
2022-02-05 18:00:00,Burnley,Watford,0.765905,0.933965,0,0
2022-02-08 19:45:00,Newcastle United,Everton,2.68732,0.823607,3,1
2022-02-08 19:45:00,West Ham,Watford,0.905143,0.335474,1,0
2022-02-08 20:00:00,Burnley,Manchester United,0.772721,1.83387,1,1
2022-02-09 19:45:00,Manchester City,Brentford,1.98246,0.461305,2,0
2022-02-09 19:45:00,Norwich,Crystal Palace,0.296411,1.22883,1,1
2022-02-09 19:45:00,Tottenham,Southampton,1.74286,1.73293,2,3
2022-02-09 20:00:00,Aston Villa,Leeds,1.5013,2.52914,3,3
2022-02-10 19:45:00,Wolverhampton Wanderers,Arsenal,0.641359,1.45247,0,1
2022-02-10 19:45:00,Liverpool,Leicester,2.72997,0.544954,2,0
2022-02-12 12:30:00,Manchester United,Southampton,2.99207,0.677386,1,1
2022-02-12 15:00:00,Watford,Brighton,0.532979,1.80456,0,2
2022-02-12 15:00:00,Brentford,Crystal Palace,1.97576,0.49802,0,0
2022-02-12 15:00:00,Everton,Leeds,2.58561,0.242668,3,0
2022-02-12 17:30:00,Norwich,Manchester City,0.356755,4.44653,0,4
2022-02-13 14:00:00,Burnley,Liverpool,1.16081,1.95722,0,1
2022-02-13 14:00:00,Newcastle United,Aston Villa,0.527571,0.455206,1,0
2022-02-13 14:00:00,Tottenham,Wolverhampton Wanderers,0.838197,1.87026,0,2
2022-02-13 16:30:00,Leicester,West Ham,1.40693,0.745068,2,2
2022-02-15 20:15:00,Manchester United,Brighton,2.74936,1.26179,2,0
2022-02-19 12:30:00,West Ham,Newcastle United,0.847948,0.932574,1,1
2022-02-19 15:00:00,Southampton,Everton,2.72851,0.19991,2,0
2022-02-19 15:00:00,Liverpool,Norwich,3.15449,0.66975,3,1
2022-02-19 15:00:00,Aston Villa,Watford,1.0267,1.82051,0,1
2022-02-19 15:00:00,Brighton,Burnley,0.44587,0.821228,0,3
2022-02-19 15:00:00,Crystal Palace,Chelsea,0.624023,1.12339,0,1
2022-02-19 15:00:00,Arsenal,Brentford,1.52247,0.640726,2,1
2022-02-19 17:30:00,Manchester City,Tottenham,2.31773,2.00235,2,3
2022-02-20 14:00:00,Leeds,Manchester United,1.74476,2.60999,2,4
2022-02-20 16:30:00,Wolverhampton Wanderers,Leicester,0.472777,1.55048,2,1
2022-02-23 19:30:00,Burnley,Tottenham,1.55576,0.691655,1,0
2022-02-23 19:30:00,Watford,Crystal Palace,1.71917,0.818403,1,4
2022-02-23 19:45:00,Liverpool,Leeds,5.3303,0.141547,6,0
2022-02-24 19:45:00,Arsenal,Wolverhampton Wanderers,2.50961,1.10934,2,1
2022-02-25 20:00:00,Southampton,Norwich,3.08863,0.424877,2,0
2022-02-26 12:30:00,Leeds,Tottenham,1.89569,2.47025,0,4
2022-02-26 15:00:00,Brentford,Newcastle United,0.494232,2.25373,0,2
2022-02-26 15:00:00,Crystal Palace,Burnley,1.03765,0.255988,1,1
2022-02-26 15:00:00,Manchester United,Watford,2.41457,0.437185,0,0
2022-02-26 15:30:00,Brighton,Aston Villa,0.627107,1.3027,0,2
2022-02-26 17:30:00,Everton,Manchester City,0.770819,1.93422,0,1
2022-02-27 14:00:00,West Ham,Wolverhampton Wanderers,1.62241,0.892018,1,0
2022-03-01 19:45:00,Burnley,Leicester,1.04214,1.79558,0,2
2022-03-05 12:30:00,Leicester,Leeds,0.359129,2.14389,1,0
2022-03-05 15:00:00,Burnley,Chelsea,0.849232,2.2868,0,4
2022-03-05 15:00:00,Newcastle United,Brighton,1.58028,1.64995,2,1
2022-03-05 15:00:00,Norwich,Brentford,0.77334,2.22064,1,3
2022-03-05 15:00:00,Wolverhampton Wanderers,Crystal Palace,0.710865,2.53759,0,2
2022-03-05 15:00:00,Aston Villa,Southampton,2.85379,1.32947,4,0
2022-03-05 17:30:00,Liverpool,West Ham,2.18865,1.33829,1,0
2022-03-06 14:00:00,Watford,Arsenal,1.29603,1.00457,2,3
2022-03-06 16:30:00,Manchester City,Manchester United,2.74434,0.361782,4,1
2022-03-07 20:00:00,Tottenham,Everton,3.24279,0.208263,5,0
2022-03-10 19:30:00,Wolverhampton Wanderers,Watford,1.55037,0.498696,4,0
2022-03-10 19:30:00,Southampton,Newcastle United,1.79835,0.812233,1,2
2022-03-10 19:30:00,Norwich,Chelsea,0.965723,2.1308,1,3
2022-03-10 19:45:00,Leeds,Aston Villa,0.194028,1.2729,0,3
2022-03-12 12:30:00,Brighton,Liverpool,0.629316,2.48312,0,2
2022-03-12 15:00:00,Brentford,Burnley,1.82002,0.825311,2,0
2022-03-12 17:30:00,Manchester United,Tottenham,1.0181,1.62374,3,2
2022-03-13 14:00:00,Chelsea,Newcastle United,1.07072,0.246037,1,0
2022-03-13 14:00:00,Everton,Wolverhampton Wanderers,0.397268,0.712135,0,1
2022-03-13 14:00:00,Leeds,Norwich,3.11755,1.40148,2,1
2022-03-13 14:00:00,Southampton,Watford,1.25696,1.29385,1,2
2022-03-13 14:00:00,West Ham,Aston Villa,1.58468,1.05391,2,1
2022-03-13 16:30:00,Arsenal,Leicester,2.93665,0.54911,2,0
2022-03-14 20:00:00,Crystal Palace,Manchester City,0.474002,2.04021,0,0
2022-03-16 19:30:00,Brighton,Tottenham,1.04171,2.05196,0,2
2022-03-16 20:15:00,Arsenal,Liverpool,0.534265,1.27681,0,2
2022-03-17 19:45:00,Everton,Newcastle United,0.708809,0.75803,1,0
2022-03-18 20:00:00,Wolverhampton Wanderers,Leeds,1.24075,2.82103,2,3
2022-03-19 12:30:00,Aston Villa,Arsenal,0.309375,1.14522,0,1
2022-03-20 14:00:00,Leicester,Brentford,1.27865,1.72466,2,1
2022-03-20 16:30:00,Tottenham,West Ham,2.54795,0.644964,3,1
2022-04-02 11:30:00,Liverpool,Watford,2.23651,0.753307,2,0
2022-04-02 14:00:00,Burnley,Manchester City,0.0591223,1.62008,0,2
2022-04-02 14:00:00,Chelsea,Brentford,1.29014,2.43422,1,4
2022-04-02 14:00:00,Leeds,Southampton,1.50715,2.06387,1,1
2022-04-02 14:00:00,Wolverhampton Wanderers,Aston Villa,1.62151,1.91256,2,1
2022-04-02 14:00:00,Brighton,Norwich,2.38297,0.494112,0,0
2022-04-02 16:30:00,Manchester United,Leicester,0.902127,1.07638,1,1
2022-04-03 13:00:00,West Ham,Everton,1.49657,0.657846,2,1
2022-04-03 15:30:00,Tottenham,Newcastle United,3.6081,0.538152,5,1
2022-04-04 19:00:00,Crystal Palace,Arsenal,1.39707,1.05199,3,0
2022-04-06 18:30:00,Burnley,Everton,2.24439,2.31574,3,2
2022-04-08 19:00:00,Newcastle United,Wolverhampton Wanderers,1.43878,0.306867,1,0
2022-04-09 11:30:00,Everton,Manchester United,0.357295,0.762357,1,0
2022-04-09 14:00:00,Southampton,Chelsea,0.564726,4.39683,0,6
2022-04-09 14:00:00,Watford,Leeds,1.07422,0.895612,0,3
2022-04-09 14:00:00,Arsenal,Brighton,2.35153,0.596106,1,2
2022-04-09 16:30:00,Aston Villa,Tottenham,1.48712,0.983601,0,4
2022-04-10 13:00:00,Brentford,West Ham,1.85534,0.244824,2,0
2022-04-10 13:00:00,Leicester,Crystal Palace,0.879235,1.52767,2,1
2022-04-10 13:00:00,Norwich,Burnley,1.6723,1.44652,2,0
2022-04-10 15:30:00,Manchester City,Liverpool,1.34647,1.29983,2,2
2022-04-16 11:30:00,Tottenham,Brighton,0.58624,0.711155,0,1
2022-04-16 14:00:00,Manchester United,Norwich,1.66737,1.79754,3,2
2022-04-16 14:00:00,Southampton,Arsenal,1.04007,1.35002,1,0
2022-04-16 14:00:00,Watford,Brentford,1.50381,2.12457,1,2
2022-04-17 13:15:00,West Ham,Burnley,2.79175,1.88137,1,1
2022-04-17 13:15:00,Newcastle United,Leicester,2.54294,0.541084,2,1
2022-04-19 19:00:00,Liverpool,Manchester United,2.25967,0.110227,4,0
2022-04-20 18:45:00,Chelsea,Arsenal,0.593801,1.87331,2,4
2022-04-20 18:45:00,Everton,Leicester,1.68819,0.786333,1,1
2022-04-20 18:45:00,Newcastle United,Crystal Palace,0.767855,0.432788,1,0
2022-04-20 19:00:00,Manchester City,Brighton,1.52844,0.117354,3,0
2022-04-21 18:45:00,Burnley,Southampton,2.14743,1.31837,2,0
2022-04-23 11:30:00,Arsenal,Manchester United,2.54173,2.04244,3,1
2022-04-23 14:00:00,Norwich,Newcastle United,0.657661,1.87558,0,3
2022-04-23 14:00:00,Leicester,Aston Villa,0.235635,0.593202,0,0
2022-04-23 14:00:00,Manchester City,Watford,3.68,0.42632,5,1
2022-04-23 16:30:00,Brentford,Tottenham,1.3153,0.517755,0,0
2022-04-24 13:00:00,Chelsea,West Ham,2.34959,0.388975,1,0
2022-04-24 13:00:00,Brighton,Southampton,1.87343,0.926764,2,2
2022-04-24 13:00:00,Burnley,Wolverhampton Wanderers,1.27298,0.592902,1,0
2022-04-24 15:30:00,Liverpool,Everton,1.70397,0.424961,2,0
2022-04-25 19:00:00,Crystal Palace,Leeds,1.61656,0.374044,0,0
2022-04-28 18:45:00,Manchester United,Chelsea,0.618456,2.46868,1,1
2022-04-30 11:30:00,Newcastle United,Liverpool,0.115353,2.73435,0,1
2022-04-30 14:00:00,Aston Villa,Norwich,2.31192,0.352212,2,0
2022-04-30 14:00:00,Southampton,Crystal Palace,0.650256,0.756217,1,2
2022-04-30 14:00:00,Watford,Burnley,0.785742,1.37022,1,2
2022-04-30 14:00:00,Wolverhampton Wanderers,Brighton,0.525912,2.90679,0,3
2022-04-30 16:30:00,Leeds,Manchester City,1.03608,3.01431,0,4
2022-05-01 13:00:00,Tottenham,Leicester,1.65338,0.274133,3,1
2022-05-01 13:00:00,Everton,Chelsea,1.11712,1.21141,1,0
2022-05-01 15:30:00,West Ham,Arsenal,0.451976,0.964564,1,2
2022-05-02 19:00:00,Manchester United,Brentford,1.84111,0.681425,3,0
2022-05-07 14:00:00,Brentford,Southampton,3.68223,0.988574,3,0
2022-05-07 14:00:00,Burnley,Aston Villa,1.31028,1.81256,1,3
2022-05-07 14:00:00,Chelsea,Wolverhampton Wanderers,1.82098,1.6842,2,2
2022-05-07 14:00:00,Crystal Palace,Watford,2.49142,0.255373,1,0
2022-05-07 16:30:00,Brighton,Manchester United,2.82636,0.930715,4,0
2022-05-07 18:45:00,Liverpool,Tottenham,1.0481,0.982635,1,1
2022-05-08 13:00:00,Norwich,West Ham,0.77895,3.25894,0,4
2022-05-08 13:00:00,Leicester,Everton,1.47479,1.55635,1,2
2022-05-08 13:00:00,Arsenal,Leeds,2.7227,0.696785,2,1
2022-05-08 15:30:00,Manchester City,Newcastle United,4.05613,0.995099,5,0
2022-05-10 19:00:00,Aston Villa,Liverpool,1.44726,1.75417,1,2
2022-05-11 18:30:00,Leeds,Chelsea,0.499789,1.46853,0,3
2022-05-11 18:45:00,Leicester,Norwich,2.57058,1.21966,3,0
2022-05-11 18:45:00,Watford,Everton,0.232236,0.812193,0,0
2022-05-11 19:15:00,Wolverhampton Wanderers,Manchester City,0.411857,3.39304,1,5
2022-05-12 18:45:00,Tottenham,Arsenal,3.42522,0.387446,3,0
2022-05-15 11:00:00,Tottenham,Burnley,2.39449,0.629888,1,0
2022-05-15 13:00:00,Wolverhampton Wanderers,Norwich,0.999066,1.53212,1,1
2022-05-15 13:00:00,West Ham,Manchester City,1.0088,2.14723,2,2
2022-05-15 13:00:00,Watford,Leicester,2.58968,2.27297,1,5
2022-05-15 13:00:00,Aston Villa,Crystal Palace,0.799443,1.39009,1,1
2022-05-15 13:00:00,Leeds,Brighton,2.22282,2.25898,1,1
2022-05-15 15:30:00,Everton,Brentford,2.69589,1.81626,2,3
2022-05-16 19:00:00,Newcastle United,Arsenal,1.68299,0.492454,2,0
2022-05-17 18:45:00,Southampton,Liverpool,0.121506,1.19178,1,2
2022-05-19 18:45:00,Everton,Crystal Palace,0.813157,1.6023,3,2
2022-05-19 19:00:00,Chelsea,Leicester,1.61996,0.0417972,1,1
2022-05-19 19:00:00,Aston Villa,Burnley,0.996403,1.63117,1,1
2022-05-22 15:00:00,Manchester City,Aston Villa,3.3209,0.247841,3,2
2022-05-22 15:00:00,Liverpool,Wolverhampton Wanderers,3.19385,1.11708,3,1
2022-05-22 15:00:00,Norwich,Tottenham,0.310789,3.815,0,5
2022-05-22 15:00:00,Crystal Palace,Manchester United,0.354618,0.782005,1,0
2022-05-22 15:00:00,Leicester,Southampton,3.42058,1.05141,4,1
2022-05-22 15:00:00,Burnley,Newcastle United,1.49164,1.74291,1,2
2022-05-22 15:00:00,Arsenal,Everton,4.35597,1.08601,5,1
2022-05-22 15:00:00,Brentford,Leeds,0.844985,1.47786,1,2
2022-05-22 15:00:00,Chelsea,Watford,2.59231,0.575755,2,1
2022-05-22 15:00:00,Brighton,West Ham,1.67774,0.268845,3,1
2022-08-05 19:00:00,Crystal Palace,Arsenal,1.20637,1.43601,0,2
2022-08-06 11:30:00,Fulham,Liverpool,1.26822,2.34111,2,2
2022-08-06 14:00:00,Bournemouth,Aston Villa,0.588341,0.488895,2,0
2022-08-06 14:00:00,Leeds,Wolverhampton Wanderers,0.88917,1.10119,2,1
2022-08-06 14:00:00,Newcastle United,Nottingham Forest,1.8591,0.235825,2,0
2022-08-06 14:00:00,Tottenham,Southampton,1.6172,0.386546,4,1
2022-08-06 16:30:00,Everton,Chelsea,0.541983,1.92315,0,1
2022-08-07 13:00:00,Leicester,Brentford,0.455695,0.931067,2,2
2022-08-07 13:00:00,Manchester United,Brighton,1.42103,1.7289,1,2
2022-08-07 15:30:00,West Ham,Manchester City,0.246188,2.58739,0,2
2022-08-13 11:30:00,Aston Villa,Everton,2.66696,1.37507,2,1
2022-08-13 14:00:00,Brighton,Newcastle United,1.60835,0.183952,0,0
2022-08-13 14:00:00,Manchester City,Bournemouth,1.69064,0.123946,4,0
2022-08-13 14:00:00,Southampton,Leeds,1.40906,1.99694,2,2
2022-08-13 14:00:00,Wolverhampton Wanderers,Fulham,0.975375,1.08813,0,0
2022-08-13 14:00:00,Arsenal,Leicester,3.0107,0.690679,4,2
2022-08-13 16:30:00,Brentford,Manchester United,1.38785,0.896038,4,0
2022-08-14 13:00:00,Nottingham Forest,West Ham,1.9717,2.08634,1,0
2022-08-14 15:30:00,Chelsea,Tottenham,1.83945,1.58708,2,2
2022-08-15 19:00:00,Liverpool,Crystal Palace,2.23596,1.64468,1,1
2022-08-20 11:30:00,Tottenham,Wolverhampton Wanderers,1.46608,0.686123,1,0
2022-08-20 14:00:00,Fulham,Brentford,2.89934,1.59352,3,2
2022-08-20 14:00:00,Crystal Palace,Aston Villa,2.91137,0.803828,3,1
2022-08-20 14:00:00,Everton,Nottingham Forest,1.43408,0.918315,1,1
2022-08-20 14:00:00,Leicester,Southampton,0.242948,1.24155,1,2
2022-08-20 16:30:00,Bournemouth,Arsenal,0.211335,1.71081,0,3
2022-08-21 13:00:00,Leeds,Chelsea,2.20971,0.692492,3,0
2022-08-21 13:00:00,West Ham,Brighton,0.768634,1.82645,0,2
2022-08-21 15:30:00,Newcastle United,Manchester City,2.2127,3.67382,3,3
2022-08-22 19:00:00,Manchester United,Liverpool,2.01764,1.52301,2,1
2022-08-27 11:30:00,Southampton,Manchester United,1.35887,1.34359,0,1
2022-08-27 14:00:00,Brentford,Everton,2.28391,1.65465,1,1
2022-08-27 14:00:00,Brighton,Leeds,1.60986,1.14874,1,0
2022-08-27 14:00:00,Chelsea,Leicester,1.74916,1.96023,2,1
2022-08-27 14:00:00,Liverpool,Bournemouth,4.86035,0.180991,9,0
2022-08-27 14:00:00,Manchester City,Crystal Palace,2.3853,0.091976,4,2
2022-08-27 16:30:00,Arsenal,Fulham,2.47427,0.926007,2,1
2022-08-28 13:00:00,Aston Villa,West Ham,0.304555,0.334589,0,1
2022-08-28 13:00:00,Wolverhampton Wanderers,Newcastle United,1.13248,1.93362,1,1
2022-08-28 15:30:00,Nottingham Forest,Tottenham,0.801369,2.44473,0,2
2022-08-30 18:30:00,Crystal Palace,Brentford,0.777363,1.61808,1,1
2022-08-30 18:30:00,Fulham,Brighton,1.07093,1.75359,2,1
2022-08-30 18:45:00,Southampton,Chelsea,1.44086,1.5047,2,1
2022-08-30 19:00:00,Leeds,Everton,1.04551,1.17189,1,1
2022-08-31 18:30:00,Arsenal,Aston Villa,2.79971,0.297168,2,1
2022-08-31 18:30:00,Bournemouth,Wolverhampton Wanderers,0.362035,1.53246,0,0
2022-08-31 18:30:00,Manchester City,Nottingham Forest,3.83759,0.729752,6,0
2022-08-31 18:45:00,West Ham,Tottenham,1.52267,0.723285,1,1
2022-08-31 19:00:00,Liverpool,Newcastle United,1.76119,0.643546,2,1
2022-09-01 19:00:00,Leicester,Manchester United,0.615266,1.09969,0,1
2022-09-03 11:30:00,Everton,Liverpool,1.39169,1.38617,0,0
2022-09-03 14:00:00,Brentford,Leeds,2.7485,1.796,5,2
2022-09-03 14:00:00,Chelsea,West Ham,0.707333,1.4196,2,1
2022-09-03 14:00:00,Newcastle United,Crystal Palace,2.90672,0.920595,0,0
2022-09-03 14:00:00,Nottingham Forest,Bournemouth,1.32895,0.905041,2,3
2022-09-03 14:00:00,Tottenham,Fulham,2.67823,0.381556,2,1
2022-09-03 14:00:00,Wolverhampton Wanderers,Southampton,1.10039,1.20838,1,0
2022-09-03 16:30:00,Aston Villa,Manchester City,0.279392,1.92143,1,1
2022-09-04 13:00:00,Brighton,Leicester,2.73166,1.06549,5,2
2022-09-04 15:30:00,Manchester United,Arsenal,2.02904,1.42238,3,1
2022-09-16 19:00:00,Aston Villa,Southampton,1.34365,0.218302,1,0
2022-09-16 19:00:00,Nottingham Forest,Fulham,1.41541,1.3496,2,3
2022-09-17 11:30:00,Wolverhampton Wanderers,Manchester City,0.310995,1.4242,0,3
2022-09-17 14:00:00,Newcastle United,Bournemouth,1.54758,0.976948,1,1
2022-09-17 16:30:00,Tottenham,Leicester,1.98619,1.59449,6,2
2022-09-18 11:00:00,Brentford,Arsenal,0.54011,1.32021,0,3
2022-09-18 13:15:00,Everton,West Ham,0.39773,0.655351,1,0
2022-10-01 11:30:00,Arsenal,Tottenham,2.48403,1.5027,3,1
2022-10-01 14:00:00,Bournemouth,Brentford,0.758128,1.046,0,0
2022-10-01 14:00:00,Crystal Palace,Chelsea,0.70987,1.25506,1,2
2022-10-01 14:00:00,Fulham,Newcastle United,0.683701,4.67198,1,4
2022-10-01 14:00:00,Liverpool,Brighton,2.1515,2.36567,3,3
2022-10-01 14:00:00,Southampton,Everton,1.95961,1.99979,1,2
2022-10-01 16:30:00,West Ham,Wolverhampton Wanderers,1.03934,0.575988,2,0
2022-10-02 13:00:00,Manchester City,Manchester United,3.01103,1.71335,6,3
2022-10-02 15:30:00,Leeds,Aston Villa,0.298626,1.89645,0,0
2022-10-03 19:00:00,Leicester,Nottingham Forest,1.2497,1.22169,4,0
2022-10-08 14:00:00,Bournemouth,Leicester,1.14891,1.18125,2,1
2022-10-08 14:00:00,Chelsea,Wolverhampton Wanderers,2.43092,0.748449,3,0
2022-10-08 14:00:00,Manchester City,Southampton,2.73536,0.101148,4,0
2022-10-08 14:00:00,Newcastle United,Brentford,2.44631,1.13466,5,1
2022-10-08 16:30:00,Brighton,Tottenham,0.899735,0.771641,0,1
2022-10-09 13:00:00,Crystal Palace,Leeds,1.65194,1.06564,2,1
2022-10-09 13:00:00,West Ham,Fulham,3.43676,0.549848,3,1
2022-10-09 15:30:00,Arsenal,Liverpool,2.81968,0.765151,3,2
2022-10-09 18:00:00,Everton,Manchester United,0.365844,1.82612,1,2
2022-10-10 19:00:00,Nottingham Forest,Aston Villa,0.221346,0.657187,1,1
2022-10-14 19:00:00,Brentford,Brighton,1.90636,2.15668,2,0
2022-10-15 11:30:00,Leicester,Crystal Palace,0.973426,0.346808,0,0
2022-10-15 14:00:00,Wolverhampton Wanderers,Nottingham Forest,1.22368,1.24761,1,0
2022-10-15 14:00:00,Fulham,Bournemouth,1.61738,1.62829,2,2
2022-10-15 16:30:00,Tottenham,Everton,2.49409,0.560039,2,0
2022-10-16 13:00:00,Aston Villa,Chelsea,2.44542,1.23643,0,2
2022-10-16 13:00:00,Leeds,Arsenal,2.02232,0.821757,0,1
2022-10-16 13:00:00,Manchester United,Newcastle United,1.41606,0.78815,0,0
2022-10-16 13:00:00,Southampton,West Ham,0.524479,1.70727,1,1
2022-10-16 15:30:00,Liverpool,Manchester City,1.9992,0.911493,1,0
2022-10-18 18:30:00,Brighton,Nottingham Forest,2.10188,0.195003,0,0
2022-10-18 19:15:00,Crystal Palace,Wolverhampton Wanderers,1.25617,0.857837,2,1
2022-10-19 18:30:00,Newcastle United,Everton,1.13393,0.0609567,1,0
2022-10-19 18:30:00,Liverpool,West Ham,2.24066,2.48649,1,0
2022-10-19 18:30:00,Brentford,Chelsea,1.45228,0.557405,0,0
2022-10-19 18:30:00,Bournemouth,Southampton,0.810452,1.23878,0,1
2022-10-19 19:15:00,Manchester United,Tottenham,1.70973,0.658526,2,0
2022-10-20 18:30:00,Fulham,Aston Villa,2.892,0.711487,3,0
2022-10-20 19:15:00,Leicester,Leeds,0.655249,1.19464,2,0
2022-10-22 11:30:00,Nottingham Forest,Liverpool,2.50163,2.19752,1,0
2022-10-22 14:00:00,Everton,Crystal Palace,1.93396,0.597167,3,0
2022-10-22 14:00:00,Manchester City,Brighton,1.86239,0.52863,3,1
2022-10-22 15:30:00,Chelsea,Manchester United,1.20238,0.730935,1,1
2022-10-23 13:00:00,Southampton,Arsenal,0.622653,1.57897,1,1
2022-10-23 13:00:00,Wolverhampton Wanderers,Leicester,1.61785,0.989075,0,4
2022-10-23 13:00:00,Aston Villa,Brentford,3.45617,1.00462,4,0
2022-10-23 13:00:00,Leeds,Fulham,1.96384,2.47512,2,3
2022-10-23 15:30:00,Tottenham,Newcastle United,1.56513,1.1294,1,2
2022-10-24 19:00:00,West Ham,Bournemouth,1.97715,0.730443,2,0
2022-10-29 11:30:00,Leicester,Manchester City,0.693597,0.703827,0,1
2022-10-29 14:00:00,Bournemouth,Tottenham,0.887533,2.1946,2,3
2022-10-29 14:00:00,Brentford,Wolverhampton Wanderers,1.29257,0.557605,1,1
2022-10-29 14:00:00,Brighton,Chelsea,2.881,1.07554,4,1
2022-10-29 14:00:00,Crystal Palace,Southampton,1.00384,1.35803,1,0
2022-10-29 14:00:00,Newcastle United,Aston Villa,4.18808,0.270814,4,0
2022-10-29 16:30:00,Fulham,Everton,1.76438,1.19166,0,0
2022-10-29 18:45:00,Liverpool,Leeds,1.90889,1.61271,1,2
2022-10-30 14:00:00,Arsenal,Nottingham Forest,3.00699,0.206127,5,0
2022-10-30 16:15:00,Manchester United,West Ham,1.7514,1.00033,1,0
2022-11-05 15:00:00,Leeds,Bournemouth,2.22532,1.55594,4,3
2022-11-05 15:00:00,Manchester City,Fulham,2.39332,0.843884,2,1
2022-11-05 15:00:00,Nottingham Forest,Brentford,1.29696,1.2204,2,2
2022-11-05 15:00:00,Wolverhampton Wanderers,Brighton,1.29252,1.87375,2,3
2022-11-05 17:30:00,Everton,Leicester,1.3729,2.2679,0,2
2022-11-06 12:00:00,Chelsea,Arsenal,0.278815,2.37846,0,1
2022-11-06 14:00:00,Aston Villa,Manchester United,0.578563,0.517189,3,1
2022-11-06 14:00:00,Southampton,Newcastle United,1.65228,1.42101,1,4
2022-11-06 14:00:00,West Ham,Crystal Palace,0.192579,1.03344,1,2
2022-11-06 16:30:00,Tottenham,Liverpool,1.81736,1.46548,1,2
2022-11-12 12:30:00,Manchester City,Brentford,1.605,3.29012,1,2
2022-11-12 15:00:00,West Ham,Leicester,0.720721,1.60566,0,2
2022-11-12 15:00:00,Tottenham,Leeds,2.58046,1.71731,4,3
2022-11-12 15:00:00,Nottingham Forest,Crystal Palace,1.23752,1.14552,1,0
2022-11-12 15:00:00,Liverpool,Southampton,2.74418,1.43427,3,1
2022-11-12 15:00:00,Bournemouth,Everton,2.45642,0.768756,3,0
2022-11-12 17:30:00,Newcastle United,Chelsea,1.3601,0.359105,1,0
2022-11-12 19:45:00,Wolverhampton Wanderers,Arsenal,0.512339,2.27996,0,2
2022-11-13 14:00:00,Brighton,Aston Villa,0.829107,1.15437,1,2
2022-11-13 16:30:00,Fulham,Manchester United,1.70218,3.37664,1,2
2022-12-26 12:30:00,Brentford,Tottenham,2.25263,0.883787,2,2
2022-12-26 15:00:00,Everton,Wolverhampton Wanderers,1.22653,1.22076,1,2
2022-12-26 15:00:00,Southampton,Brighton,1.70709,1.00714,1,3
2022-12-26 15:00:00,Leicester,Newcastle United,0.31099,1.76382,0,3
2022-12-26 15:00:00,Crystal Palace,Fulham,0.421754,2.69927,0,3
2022-12-26 17:30:00,Aston Villa,Liverpool,1.69155,3.50694,1,3
2022-12-26 20:00:00,Arsenal,West Ham,1.88828,1.02652,3,1
2022-12-27 17:30:00,Chelsea,Bournemouth,1.91378,0.44307,2,0
2022-12-27 20:00:00,Manchester United,Nottingham Forest,2.13668,0.477076,3,0
2022-12-28 20:00:00,Leeds,Manchester City,0.603751,4.16249,1,3
2022-12-30 19:45:00,West Ham,Brentford,1.13979,1.51436,0,2
2022-12-30 20:00:00,Liverpool,Leicester,2.02463,0.863312,2,1
2022-12-31 12:30:00,Wolverhampton Wanderers,Manchester United,0.587672,2.44728,0,1
2022-12-31 15:00:00,Newcastle United,Leeds,2.78846,0.517099,0,0
2022-12-31 15:00:00,Manchester City,Everton,2.36333,0.0760019,1,1
2022-12-31 15:00:00,Fulham,Southampton,1.49305,0.698711,2,1
2022-12-31 15:00:00,Bournemouth,Crystal Palace,0.895819,1.75264,0,2
2022-12-31 17:30:00,Brighton,Arsenal,1.15663,3.22106,2,4
2023-01-01 14:00:00,Tottenham,Aston Villa,0.569383,1.21733,0,2
2023-01-01 16:30:00,Nottingham Forest,Chelsea,0.985219,1.37305,1,1
2023-01-02 17:30:00,Brentford,Liverpool,2.0991,2.10461,3,1
2023-01-03 19:45:00,Arsenal,Newcastle United,0.970637,0.959523,0,0
2023-01-03 19:45:00,Everton,Brighton,1.16896,2.50731,1,4
2023-01-03 19:45:00,Leicester,Fulham,1.45221,1.33493,0,1
2023-01-03 20:00:00,Manchester United,Bournemouth,2.97383,0.679022,3,0
2023-01-04 19:30:00,Southampton,Nottingham Forest,0.62937,1.22324,0,1
2023-01-04 19:45:00,Leeds,West Ham,1.2577,1.29245,2,2
2023-01-04 20:00:00,Aston Villa,Wolverhampton Wanderers,1.03226,0.832522,1,1
2023-01-04 20:00:00,Crystal Palace,Tottenham,0.787525,1.66514,0,4
2023-01-05 20:00:00,Chelsea,Manchester City,0.493576,1.71972,0,1
2023-01-12 19:00:00,Fulham,Chelsea,0.711266,2.39911,2,1
2023-01-13 20:00:00,Aston Villa,Leeds,1.64599,2.46295,2,1
2023-01-14 12:30:00,Manchester United,Manchester City,1.98228,0.73695,2,1
2023-01-14 15:00:00,Nottingham Forest,Leicester,1.75313,0.803421,2,0
2023-01-14 15:00:00,Wolverhampton Wanderers,West Ham,0.806232,0.735105,1,0
2023-01-14 15:00:00,Brighton,Liverpool,2.40062,1.28853,3,0
2023-01-14 15:00:00,Everton,Southampton,1.18191,1.08412,1,2
2023-01-14 17:30:00,Brentford,Bournemouth,1.29815,0.269283,2,0
2023-01-15 14:00:00,Newcastle United,Fulham,1.96256,0.989872,1,0
2023-01-15 14:00:00,Chelsea,Crystal Palace,2.12987,0.837366,1,0
2023-01-15 16:30:00,Tottenham,Arsenal,1.71032,2.04232,0,2
2023-01-18 15:30:00,Crystal Palace,Manchester United,0.413339,1.39437,1,1
2023-01-19 19:00:00,Manchester City,Tottenham,2.34166,1.16499,4,2
2023-01-21 12:30:00,Liverpool,Chelsea,1.30125,1.84467,0,0
2023-01-21 15:00:00,Bournemouth,Nottingham Forest,1.80549,1.57544,1,1
2023-01-21 15:00:00,Leicester,Brighton,1.35941,1.94491,2,2
2023-01-21 15:00:00,Southampton,Aston Villa,0.672444,1.16432,0,1
2023-01-21 15:00:00,West Ham,Everton,2.46879,0.286826,2,0
2023-01-21 17:30:00,Crystal Palace,Newcastle United,0.333154,1.44384,0,0
2023-01-22 14:00:00,Leeds,Brentford,0.374736,0.17114,0,0
2023-01-22 14:00:00,Manchester City,Wolverhampton Wanderers,3.32757,0.469277,3,0
2023-01-22 16:30:00,Arsenal,Manchester United,2.90273,0.272246,3,2
2023-01-23 20:00:00,Fulham,Tottenham,1.09339,0.993805,0,1
2023-02-03 20:00:00,Chelsea,Fulham,1.41471,0.493341,0,0
2023-02-04 12:30:00,Everton,Arsenal,2.09191,0.690102,1,0
2023-02-04 15:00:00,Aston Villa,Leicester,1.4989,2.49784,2,4
2023-02-04 15:00:00,Brentford,Southampton,2.36747,0.644385,3,0
2023-02-04 15:00:00,Brighton,Bournemouth,2.55696,0.908298,1,0
2023-02-04 15:00:00,Manchester United,Crystal Palace,2.07035,1.3798,2,1
2023-02-04 15:00:00,Wolverhampton Wanderers,Liverpool,2.63328,1.30193,3,0
2023-02-04 17:30:00,Newcastle United,West Ham,1.22883,1.27831,1,1
2023-02-05 14:00:00,Nottingham Forest,Leeds,0.3325,1.12331,1,0
2023-02-05 16:30:00,Tottenham,Manchester City,1.42168,0.773747,1,0
2023-02-08 19:00:00,Manchester United,Leeds,2.00007,0.554798,2,2
2023-02-11 12:30:00,West Ham,Chelsea,1.07615,0.900465,1,1
2023-02-11 15:00:00,Southampton,Wolverhampton Wanderers,1.30203,0.615651,1,2
2023-02-11 15:00:00,Leicester,Tottenham,1.41208,1.11709,4,1
2023-02-11 15:00:00,Arsenal,Brentford,1.36738,2.17538,1,1
2023-02-11 15:00:00,Crystal Palace,Brighton,0.928279,2.64981,1,1
2023-02-11 15:00:00,Fulham,Nottingham Forest,1.69704,0.686824,2,0
2023-02-11 17:30:00,Bournemouth,Newcastle United,1.54458,1.54853,1,1
2023-02-12 14:00:00,Leeds,Manchester United,1.89163,1.30375,0,2
2023-02-12 16:30:00,Manchester City,Aston Villa,3.60987,0.275348,3,1
2023-02-13 20:00:00,Liverpool,Everton,2.23291,0.402331,2,0
2023-02-15 18:30:00,Arsenal,Manchester City,1.70139,2.00841,1,3
2023-02-18 12:30:00,Aston Villa,Arsenal,0.335752,2.85981,2,4
2023-02-18 15:00:00,Wolverhampton Wanderers,Bournemouth,0.911415,1.15274,0,1
2023-02-18 15:00:00,Nottingham Forest,Manchester City,1.12735,2.80966,1,1
2023-02-18 15:00:00,Everton,Leeds,1.53811,0.597403,1,0
2023-02-18 15:00:00,Chelsea,Southampton,1.61723,0.619532,0,1
2023-02-18 15:00:00,Brentford,Crystal Palace,0.610105,1.12202,1,1
2023-02-18 15:00:00,Brighton,Fulham,2.71375,0.224214,0,1
2023-02-18 17:30:00,Newcastle United,Liverpool,1.74852,2.16549,0,2
2023-02-19 14:00:00,Manchester United,Leicester,4.24663,1.39678,3,0
2023-02-19 16:30:00,Tottenham,West Ham,1.43042,0.365173,2,0
2023-02-24 20:00:00,Fulham,Wolverhampton Wanderers,0.913133,0.997097,1,1
2023-02-25 15:00:00,Everton,Aston Villa,1.54109,2.06037,0,2
2023-02-25 15:00:00,West Ham,Nottingham Forest,3.05032,0.350849,4,0
2023-02-25 15:00:00,Leicester,Arsenal,0.0203463,0.722059,0,1
2023-02-25 15:00:00,Leeds,Southampton,0.720048,0.391128,1,0
2023-02-25 17:30:00,Bournemouth,Manchester City,1.08527,2.98206,1,4
2023-02-25 19:45:00,Crystal Palace,Liverpool,0.989086,1.35123,0,0
2023-02-26 13:30:00,Tottenham,Chelsea,0.926313,0.262281,2,0
2023-03-01 20:00:00,Arsenal,Everton,3.06919,1.604,4,0
2023-03-01 20:00:00,Liverpool,Wolverhampton Wanderers,2.70191,0.78681,2,0
2023-03-04 12:30:00,Manchester City,Newcastle United,1.34144,0.359809,2,0
2023-03-04 15:00:00,Chelsea,Leeds,1.8678,0.633995,1,0
2023-03-04 15:00:00,Wolverhampton Wanderers,Tottenham,0.562477,1.25588,1,0
2023-03-04 15:00:00,Aston Villa,Crystal Palace,0.890605,0.152761,1,0
2023-03-04 15:00:00,Arsenal,Bournemouth,2.46279,1.74267,3,2
2023-03-04 15:00:00,Brighton,West Ham,3.49993,0.250045,4,0
2023-03-04 17:30:00,Southampton,Leicester,1.34332,1.67051,1,0
2023-03-05 14:00:00,Nottingham Forest,Everton,0.799733,1.70877,2,2
2023-03-05 16:30:00,Liverpool,Manchester United,3.44269,0.837542,7,0
2023-03-06 20:00:00,Brentford,Fulham,2.44358,1.67531,3,2
2023-03-11 12:30:00,Bournemouth,Liverpool,1.10128,2.13465,1,0
2023-03-11 15:00:00,Everton,Brentford,1.71599,1.95088,1,0
2023-03-11 15:00:00,Leeds,Brighton,0.596738,1.51388,2,2
2023-03-11 15:00:00,Leicester,Chelsea,2.36139,1.49478,1,3
2023-03-11 15:00:00,Tottenham,Nottingham Forest,1.73482,1.62805,3,1
2023-03-11 17:30:00,Crystal Palace,Manchester City,0.185498,2.1884,0,1
2023-03-12 14:00:00,West Ham,Aston Villa,2.14634,1.99139,1,1
2023-03-12 14:00:00,Fulham,Arsenal,0.61832,2.64355,0,3
2023-03-12 14:00:00,Manchester United,Southampton,0.910911,1.18053,0,0
2023-03-12 16:30:00,Newcastle United,Wolverhampton Wanderers,2.45527,0.709895,2,1
2023-03-15 19:30:00,Brighton,Crystal Palace,0.588727,1.21452,1,0
2023-03-15 19:30:00,Southampton,Brentford,0.358977,1.66591,0,2
2023-03-17 20:00:00,Nottingham Forest,Newcastle United,0.531985,2.50027,1,2
2023-03-18 15:00:00,Wolverhampton Wanderers,Leeds,2.76358,1.6549,2,4
2023-03-18 15:00:00,Southampton,Tottenham,2.52077,1.88473,3,3
2023-03-18 15:00:00,Aston Villa,Bournemouth,3.45474,0.50014,3,0
2023-03-18 15:00:00,Brentford,Leicester,0.476467,1.42133,1,1
2023-03-18 17:30:00,Chelsea,Everton,1.90027,1.64675,2,2
2023-03-19 14:00:00,Arsenal,Crystal Palace,1.53568,1.19194,4,1
2023-04-01 11:30:00,Manchester City,Liverpool,3.01243,0.318171,4,1
2023-04-01 14:00:00,Arsenal,Leeds,3.29548,0.497609,4,1
2023-04-01 14:00:00,Bournemouth,Fulham,3.14054,0.601049,2,1
2023-04-01 14:00:00,Brighton,Brentford,3.8195,1.2788,3,3
2023-04-01 14:00:00,Crystal Palace,Leicester,1.93471,0.198959,2,1
2023-04-01 14:00:00,Nottingham Forest,Wolverhampton Wanderers,1.11441,0.383739,1,1
2023-04-01 16:30:00,Chelsea,Aston Villa,2.38024,0.765794,0,2
2023-04-02 13:00:00,West Ham,Southampton,1.40363,0.318261,1,0
2023-04-02 15:30:00,Newcastle United,Manchester United,3.33162,0.334127,2,0
2023-04-03 19:00:00,Everton,Tottenham,0.823365,1.39177,1,1
2023-04-04 18:45:00,Bournemouth,Brighton,1.15322,2.63392,0,2
2023-04-04 18:45:00,Leeds,Nottingham Forest,2.43248,0.613917,2,1
2023-04-04 18:45:00,Leicester,Aston Villa,0.671597,1.00159,1,2
2023-04-04 19:00:00,Chelsea,Liverpool,2.18903,0.202217,0,0
2023-04-05 19:00:00,Manchester United,Brentford,1.1445,0.64499,1,0
2023-04-05 19:00:00,West Ham,Newcastle United,0.83342,2.84091,1,5
2023-04-08 11:30:00,Manchester United,Everton,4.38578,0.949183,2,0
2023-04-08 14:00:00,Wolverhampton Wanderers,Chelsea,0.601153,0.815308,1,0
2023-04-08 14:00:00,Tottenham,Brighton,0.594139,1.47549,2,1
2023-04-08 14:00:00,Leicester,Bournemouth,0.731965,1.92396,0,1
2023-04-08 14:00:00,Fulham,West Ham,0.456524,1.23261,0,1
2023-04-08 14:00:00,Brentford,Newcastle United,2.06521,1.02337,1,2
2023-04-08 14:00:00,Aston Villa,Nottingham Forest,1.42718,0.232452,2,0
2023-04-08 16:30:00,Southampton,Manchester City,0.492801,3.05999,1,4
2023-04-09 13:00:00,Leeds,Crystal Palace,1.02075,3.22687,1,5
2023-04-09 15:30:00,Liverpool,Arsenal,4.64012,1.53631,2,2
2023-04-15 11:30:00,Aston Villa,Newcastle United,1.91802,0.425086,3,0
2023-04-15 14:00:00,Wolverhampton Wanderers,Brentford,0.93912,1.5133,2,0
2023-04-15 14:00:00,Southampton,Crystal Palace,0.678449,0.86306,0,2
2023-04-15 14:00:00,Tottenham,Bournemouth,2.30604,1.20598,2,3
2023-04-15 14:00:00,Everton,Fulham,2.24262,1.92209,1,3
2023-04-15 14:00:00,Chelsea,Brighton,0.46331,2.52107,1,2
2023-04-15 16:30:00,Manchester City,Leicester,1.60702,1.92692,3,1
2023-04-16 13:00:00,West Ham,Arsenal,1.96095,2.71782,2,2
2023-04-16 15:30:00,Nottingham Forest,Manchester United,1.05289,3.33747,0,2
2023-04-17 19:00:00,Leeds,Liverpool,1.16748,2.65476,1,6
2023-04-21 19:00:00,Arsenal,Southampton,2.39609,1.43063,3,3
2023-04-22 11:30:00,Fulham,Leeds,1.43763,1.07482,2,1
2023-04-22 14:00:00,Leicester,Wolverhampton Wanderers,2.66929,0.59626,2,1
2023-04-22 14:00:00,Liverpool,Nottingham Forest,3.32745,0.724666,3,2
2023-04-22 14:00:00,Brentford,Aston Villa,2.03162,1.66602,1,1
2023-04-22 14:00:00,Crystal Palace,Everton,0.368137,0.433712,0,0
2023-04-23 13:00:00,Bournemouth,West Ham,0.974687,2.52322,0,4
2023-04-23 13:00:00,Newcastle United,Tottenham,3.98532,0.883001,6,1
2023-04-25 18:30:00,Wolverhampton Wanderers,Crystal Palace,1.12829,0.580294,2,0
2023-04-25 18:45:00,Aston Villa,Fulham,0.839159,0.079864,1,0
2023-04-25 19:00:00,Leeds,Leicester,2.09645,2.08594,1,1
2023-04-26 18:30:00,Nottingham Forest,Brighton,2.43846,2.33064,3,1
2023-04-26 18:45:00,Chelsea,Brentford,1.21124,0.695344,0,2
2023-04-26 18:45:00,West Ham,Liverpool,0.939348,1.7045,1,2
2023-04-26 19:00:00,Manchester City,Arsenal,2.01168,0.398372,4,1
2023-04-27 18:45:00,Southampton,Bournemouth,0.477034,0.988554,0,1
2023-04-27 18:45:00,Everton,Newcastle United,0.777008,2.86368,1,4
2023-04-27 19:15:00,Tottenham,Manchester United,2.37239,1.96508,2,2
2023-04-29 11:30:00,Crystal Palace,West Ham,2.31888,1.98262,4,3
2023-04-29 14:00:00,Brighton,Wolverhampton Wanderers,3.60471,0.603985,6,0
2023-04-29 14:00:00,Brentford,Nottingham Forest,1.32059,0.939693,2,1
2023-04-30 13:00:00,Bournemouth,Leeds,2.51723,1.33691,4,1
2023-04-30 13:00:00,Fulham,Manchester City,0.431813,2.32338,1,2
2023-04-30 13:00:00,Manchester United,Aston Villa,1.3056,0.434738,1,0
2023-04-30 13:00:00,Newcastle United,Southampton,3.91457,0.897175,3,1
2023-04-30 15:30:00,Liverpool,Tottenham,2.42911,1.44927,4,3
2023-05-01 19:00:00,Leicester,Everton,3.32486,3.28648,2,2
2023-05-02 19:00:00,Arsenal,Chelsea,2.7832,0.785202,3,1
2023-05-03 19:00:00,Liverpool,Fulham,1.67372,0.740125,1,0
2023-05-03 19:00:00,Manchester City,West Ham,2.99908,0.492075,3,0
2023-05-04 19:00:00,Brighton,Manchester United,2.09953,1.32105,1,0
2023-05-06 14:00:00,Wolverhampton Wanderers,Aston Villa,0.80605,1.50158,1,0
2023-05-06 14:00:00,Tottenham,Crystal Palace,1.15665,0.306669,1,0
2023-05-06 14:00:00,Bournemouth,Chelsea,1.21755,1.76852,1,3
2023-05-06 14:00:00,Manchester City,Leeds,2.83472,0.140924,2,1
2023-05-06 16:30:00,Liverpool,Brentford,1.992,0.183892,1,0
2023-05-07 15:30:00,Newcastle United,Arsenal,1.37224,1.29061,0,2
2023-05-07 18:00:00,West Ham,Manchester United,1.76618,1.1942,1,0
2023-05-08 14:00:00,Fulham,Leicester,1.75276,2.92566,5,3
2023-05-08 16:30:00,Brighton,Everton,3.23717,2.94223,1,5
2023-05-08 19:00:00,Nottingham Forest,Southampton,1.91326,3.31096,4,3
2023-05-13 11:30:00,Leeds,Newcastle United,2.01567,2.35118,2,2
2023-05-13 14:00:00,Southampton,Fulham,0.149649,1.27085,0,2
2023-05-13 14:00:00,Manchester United,Wolverhampton Wanderers,3.10118,0.268789,2,0
2023-05-13 14:00:00,Crystal Palace,Bournemouth,1.40237,0.262022,2,0
2023-05-13 14:00:00,Aston Villa,Tottenham,1.79987,1.18505,2,1
2023-05-13 14:00:00,Chelsea,Nottingham Forest,0.999181,1.96797,2,2
2023-05-14 13:00:00,Brentford,West Ham,4.42571,0.203312,2,0
2023-05-14 13:00:00,Everton,Manchester City,1.18597,1.04338,0,3
2023-05-14 15:30:00,Arsenal,Brighton,0.958651,2.21276,0,3
2023-05-15 19:00:00,Leicester,Liverpool,0.527496,1.77085,0,3
2023-05-18 18:30:00,Newcastle United,Brighton,4.11359,0.593493,4,1
2023-05-20 11:30:00,Tottenham,Brentford,1.61667,1.15344,1,3
2023-05-20 14:00:00,Fulham,Crystal Palace,1.95519,1.70785,2,2
2023-05-20 14:00:00,Liverpool,Aston Villa,0.918508,1.46948,1,1
2023-05-20 14:00:00,Wolverhampton Wanderers,Everton,1.28976,2.46976,1,1
2023-05-20 14:00:00,Bournemouth,Manchester United,0.815723,1.71783,0,1
2023-05-20 16:30:00,Nottingham Forest,Arsenal,1.1397,0.4902,1,0
2023-05-21 12:30:00,West Ham,Leeds,2.48001,0.645828,3,1
2023-05-21 13:00:00,Brighton,Southampton,2.41418,0.863659,3,1
2023-05-21 15:00:00,Manchester City,Chelsea,1.20557,1.15648,1,0
2023-05-22 19:00:00,Newcastle United,Leicester,2.05089,0.0839072,0,0
2023-05-24 19:00:00,Brighton,Manchester City,2.11486,1.92973,1,1
2023-05-25 19:00:00,Manchester United,Chelsea,4.92231,1.68364,4,1
2023-05-28 15:30:00,Leeds,Tottenham,1.19151,2.03315,1,4
2023-05-28 15:30:00,Manchester United,Fulham,2.74766,1.88167,2,1
2023-05-28 15:30:00,Leicester,West Ham,2.03013,0.970352,2,1
2023-05-28 15:30:00,Everton,Bournemouth,1.12933,0.432084,1,0
2023-05-28 15:30:00,Southampton,Liverpool,1.33964,4.00345,4,4
2023-05-28 15:30:00,Chelsea,Newcastle United,2.01924,1.51899,1,1
2023-05-28 15:30:00,Brentford,Manchester City,1.43893,1.18649,1,0
2023-05-28 15:30:00,Aston Villa,Brighton,2.55845,1.23117,2,1
2023-05-28 15:30:00,Arsenal,Wolverhampton Wanderers,3.02466,0.38772,5,0
2023-05-28 15:30:00,Crystal Palace,Nottingham Forest,1.00786,0.436439,1,1
2023-08-11 19:00:00,Burnley,Manchester City,0.311032,2.40074,0,3
2023-08-12 11:30:00,Arsenal,Nottingham Forest,0.84262,0.966305,2,1
2023-08-12 14:00:00,Everton,Fulham,2.59001,1.58144,0,1
2023-08-12 14:00:00,Sheffield United,Crystal Palace,0.422704,2.27616,0,1
2023-08-12 14:00:00,Bournemouth,West Ham,1.51025,1.4834,1,1
2023-08-12 14:00:00,Brighton,Luton,4.36748,1.88594,4,1
2023-08-12 16:30:00,Newcastle United,Aston Villa,4.32208,1.486,5,1
2023-08-13 13:00:00,Brentford,Tottenham,1.90756,1.45316,2,2
2023-08-13 15:30:00,Chelsea,Liverpool,1.93258,1.29994,1,1
2023-08-14 19:00:00,Manchester United,Wolverhampton Wanderers,1.97087,1.72228,1,0
2023-08-18 18:45:00,Nottingham Forest,Sheffield United,1.37181,0.551038,2,1
2023-08-19 14:00:00,Fulham,Brentford,0.399899,3.46888,0,3
2023-08-19 14:00:00,Liverpool,Bournemouth,3.25448,1.3867,3,1
2023-08-19 14:00:00,Wolverhampton Wanderers,Brighton,2.68821,3.15562,1,4
2023-08-19 16:30:00,Tottenham,Manchester United,2.53904,2.44604,2,0
2023-08-19 19:00:00,Manchester City,Newcastle United,1.22528,0.257154,1,0
2023-08-20 13:00:00,Aston Villa,Everton,3.24336,0.721465,4,0
2023-08-20 15:30:00,West Ham,Chelsea,1.71234,1.60916,3,1
2023-08-21 19:00:00,Crystal Palace,Arsenal,1.06916,2.20593,0,1
2023-08-25 19:00:00,Chelsea,Luton,3.41419,0.465741,3,0
2023-08-26 11:30:00,Bournemouth,Tottenham,0.483582,2.26115,0,2
2023-08-26 14:00:00,Arsenal,Fulham,3.23088,0.849817,2,2
2023-08-26 14:00:00,Brentford,Crystal Palace,0.948011,1.06061,1,1
2023-08-26 14:00:00,Everton,Wolverhampton Wanderers,1.89792,1.40228,0,1
2023-08-26 14:00:00,Manchester United,Nottingham Forest,3.02803,0.960354,3,2
2023-08-26 16:30:00,Brighton,West Ham,1.3743,2.9527,1,3
2023-08-27 13:00:00,Burnley,Aston Villa,0.630605,2.83691,1,3
2023-08-27 13:00:00,Sheffield United,Manchester City,0.762232,3.84804,1,2
2023-08-27 15:30:00,Newcastle United,Liverpool,1.62037,0.856121,1,2
2023-09-01 19:00:00,Luton,West Ham,2.02244,1.22528,1,2
2023-09-02 11:30:00,Sheffield United,Everton,1.575,2.73871,2,2
2023-09-02 14:00:00,Manchester City,Fulham,2.00152,1.46427,5,1
2023-09-02 14:00:00,Chelsea,Nottingham Forest,2.28442,1.1505,0,1
2023-09-02 14:00:00,Brentford,Bournemouth,3.07185,2.11013,2,2
2023-09-02 14:00:00,Burnley,Tottenham,1.66604,2.39785,2,5
2023-09-02 16:30:00,Brighton,Newcastle United,1.32258,0.90476,3,1
2023-09-03 13:00:00,Crystal Palace,Wolverhampton Wanderers,2.32935,1.13911,3,2
2023-09-03 13:00:00,Liverpool,Aston Villa,2.73138,0.615503,3,0
2023-09-03 15:30:00,Arsenal,Manchester United,1.90973,0.966109,3,1
2023-09-16 11:30:00,Wolverhampton Wanderers,Liverpool,0.538833,2.82701,1,3
2023-09-16 14:00:00,West Ham,Manchester City,0.895632,4.15046,1,3
2023-09-16 14:00:00,Tottenham,Sheffield United,2.15909,0.790655,2,1
2023-09-16 14:00:00,Manchester United,Brighton,0.719951,1.93908,1,3
2023-09-16 14:00:00,Fulham,Luton,1.75704,1.45705,1,0
2023-09-16 14:00:00,Aston Villa,Crystal Palace,2.31518,1.11696,3,1
2023-09-16 16:30:00,Newcastle United,Brentford,1.50126,0.633678,1,0
2023-09-17 13:00:00,Bournemouth,Chelsea,1.32515,1.39677,0,0
2023-09-17 15:30:00,Everton,Arsenal,0.28317,0.802605,0,1
2023-09-18 18:45:00,Nottingham Forest,Burnley,0.705795,0.807651,1,1
2023-09-23 14:00:00,Luton,Wolverhampton Wanderers,2.24101,0.762984,1,1
2023-09-23 14:00:00,Manchester City,Nottingham Forest,1.33984,0.729109,2,0
2023-09-23 14:00:00,Crystal Palace,Fulham,0.37236,0.542678,0,0
2023-09-23 16:30:00,Brentford,Everton,1.57402,2.51497,1,3
2023-09-23 19:00:00,Burnley,Manchester United,0.935444,0.840273,0,1
2023-09-24 13:00:00,Arsenal,Tottenham,2.3429,2.21166,2,2
2023-09-24 13:00:00,Brighton,Bournemouth,2.14533,1.58984,3,1
2023-09-24 13:00:00,Chelsea,Aston Villa,1.19716,1.13479,0,1
2023-09-24 13:00:00,Liverpool,West Ham,4.14262,1.53878,3,1
2023-09-24 15:30:00,Sheffield United,Newcastle United,0.579392,5.1082,0,8
2023-09-30 11:30:00,Aston Villa,Brighton,1.90746,1.72819,6,1
2023-09-30 14:00:00,West Ham,Sheffield United,3.19753,0.911997,2,0
2023-09-30 14:00:00,Wolverhampton Wanderers,Manchester City,0.673985,0.98075,2,1
2023-09-30 14:00:00,Newcastle United,Burnley,3.08516,0.801849,2,0
2023-09-30 14:00:00,Manchester United,Crystal Palace,1.55408,1.19015,0,1
2023-09-30 14:00:00,Everton,Luton,3.65377,1.5102,1,2
2023-09-30 14:00:00,Bournemouth,Arsenal,0.644443,4.0742,0,4
2023-09-30 16:30:00,Tottenham,Liverpool,2.18823,1.12299,2,1
2023-10-01 13:00:00,Nottingham Forest,Brentford,0.800317,1.75862,1,1
2023-10-02 19:00:00,Fulham,Chelsea,0.889383,1.98461,0,2
2023-10-03 18:30:00,Luton,Burnley,1.53058,0.920206,1,2
2023-10-07 11:30:00,Luton,Tottenham,0.848118,2.37947,0,1
2023-10-07 14:00:00,Manchester United,Brentford,1.29356,1.02509,2,1
2023-10-07 14:00:00,Fulham,Sheffield United,2.26612,0.251809,3,1
2023-10-07 14:00:00,Burnley,Chelsea,0.956642,1.97566,1,4
2023-10-07 14:00:00,Everton,Bournemouth,3.16482,0.981732,3,0
2023-10-07 16:30:00,Crystal Palace,Nottingham Forest,0.982452,1.22105,0,0
2023-10-08 13:00:00,Brighton,Liverpool,2.23187,2.51029,2,2
2023-10-08 13:00:00,West Ham,Newcastle United,0.931345,1.97865,2,2
2023-10-08 13:00:00,Wolverhampton Wanderers,Aston Villa,1.76232,1.81618,1,1
2023-10-08 15:30:00,Arsenal,Manchester City,0.386558,0.858071,1,0
2023-10-21 11:30:00,Liverpool,Everton,2.28568,0.0937725,2,0
2023-10-21 14:00:00,Manchester City,Brighton,0.962509,0.963733,2,1
2023-10-21 14:00:00,Newcastle United,Crystal Palace,3.73336,1.08795,4,0
2023-10-21 14:00:00,Nottingham Forest,Luton,3.27549,1.49555,2,2
2023-10-21 14:00:00,Brentford,Burnley,3.15685,0.693129,3,0
2023-10-21 14:00:00,Bournemouth,Wolverhampton Wanderers,1.01839,2.30454,1,2
2023-10-21 16:30:00,Chelsea,Arsenal,1.71838,1.05791,2,2
2023-10-21 19:00:00,Sheffield United,Manchester United,1.41074,1.46187,1,2
2023-10-22 15:30:00,Aston Villa,West Ham,2.34143,0.659622,4,1
2023-10-23 19:00:00,Tottenham,Fulham,1.63523,0.745838,2,0
2023-10-27 19:00:00,Crystal Palace,Tottenham,0.561834,0.989103,1,2
2023-10-28 11:30:00,Chelsea,Brentford,1.71801,2.48137,0,2
2023-10-28 14:00:00,Arsenal,Sheffield United,3.03496,0.0281554,5,0
2023-10-28 14:00:00,Bournemouth,Burnley,1.10052,0.90255,2,1
2023-10-28 16:30:00,Wolverhampton Wanderers,Newcastle United,0.863393,2.31987,2,2
2023-10-29 13:00:00,West Ham,Everton,0.618578,0.733813,0,1
2023-10-29 14:00:00,Aston Villa,Luton,3.07654,0.453117,3,1
2023-10-29 14:00:00,Brighton,Fulham,1.31996,0.552523,1,1
2023-10-29 14:00:00,Liverpool,Nottingham Forest,2.70428,0.642014,3,0
2023-10-29 15:30:00,Manchester United,Manchester City,0.714628,4.54595,0,3
2023-11-04 12:30:00,Fulham,Manchester United,1.18241,0.697095,0,1
2023-11-04 15:00:00,Sheffield United,Wolverhampton Wanderers,1.10165,1.14803,2,1
2023-11-04 15:00:00,Manchester City,Bournemouth,2.39949,0.643127,6,1
2023-11-04 15:00:00,Brentford,West Ham,1.82944,1.75505,3,2
2023-11-04 15:00:00,Burnley,Crystal Palace,1.4998,1.43653,0,2
2023-11-04 15:00:00,Everton,Brighton,0.617607,0.442489,1,1
2023-11-04 17:30:00,Newcastle United,Arsenal,1.12355,0.535473,1,0
2023-11-05 14:00:00,Nottingham Forest,Aston Villa,0.592447,1.33116,2,0
2023-11-05 16:30:00,Luton,Liverpool,1.3411,3.03925,1,1
2023-11-06 20:00:00,Tottenham,Chelsea,0.959108,4.05865,1,4
2023-11-11 12:30:00,Wolverhampton Wanderers,Tottenham,1.90884,0.432315,2,1
2023-11-11 15:00:00,Manchester United,Luton,2.74105,0.408265,1,0
2023-11-11 15:00:00,Crystal Palace,Everton,1.89194,1.7904,2,3
2023-11-11 15:00:00,Arsenal,Burnley,2.63194,0.327706,3,1
2023-11-11 17:30:00,Bournemouth,Newcastle United,2.78424,0.306141,2,0
2023-11-12 14:00:00,Aston Villa,Fulham,2.86039,0.648745,3,1
2023-11-12 14:00:00,Brighton,Sheffield United,1.08601,0.84434,1,1
2023-11-12 14:00:00,Liverpool,Brentford,1.56004,1.44954,3,0
2023-11-12 14:00:00,West Ham,Nottingham Forest,2.06402,1.42128,3,2
2023-11-12 16:30:00,Chelsea,Manchester City,3.47238,3.19324,4,4
2023-11-25 12:30:00,Manchester City,Liverpool,1.79622,0.766278,1,1
2023-11-25 15:00:00,Sheffield United,Bournemouth,0.816227,3.13975,1,3
2023-11-25 15:00:00,Nottingham Forest,Brighton,2.22655,1.21792,2,3
2023-11-25 15:00:00,Newcastle United,Chelsea,2.15227,0.968061,4,1
2023-11-25 15:00:00,Burnley,West Ham,1.44228,1.36963,1,2
2023-11-25 15:00:00,Luton,Crystal Palace,0.996153,1.83546,2,1
2023-11-25 17:30:00,Brentford,Arsenal,1.66315,1.82699,0,1
2023-11-26 14:00:00,Tottenham,Aston Villa,2.22542,2.39755,1,2
2023-11-26 16:30:00,Everton,Manchester United,2.49764,2.07334,0,3
2023-11-27 20:00:00,Fulham,Wolverhampton Wanderers,2.49057,1.57875,3,2
2023-12-02 15:00:00,Arsenal,Wolverhampton Wanderers,3.30368,1.07886,2,1
2023-12-02 15:00:00,Brentford,Luton,3.25952,0.227176,3,1
2023-12-02 15:00:00,Burnley,Sheffield United,2.60469,0.618131,5,0
2023-12-02 17:30:00,Nottingham Forest,Everton,0.673085,0.623789,0,1
2023-12-02 20:00:00,Newcastle United,Manchester United,2.90191,0.422674,1,0
2023-12-03 14:00:00,West Ham,Crystal Palace,1.1466,0.987682,1,1
2023-12-03 14:00:00,Liverpool,Fulham,2.72831,1.51005,4,3
2023-12-03 14:00:00,Bournemouth,Aston Villa,2.54937,0.89511,2,2
2023-12-03 14:00:00,Chelsea,Brighton,1.66304,0.855058,3,2
2023-12-03 16:30:00,Manchester City,Tottenham,2.90729,0.433077,3,3
2023-12-05 19:30:00,Wolverhampton Wanderers,Burnley,1.11886,0.781542,1,0
2023-12-05 20:15:00,Luton,Arsenal,0.526254,2.58815,3,4
2023-12-06 19:30:00,Brighton,Brentford,1.54099,1.22007,2,1
2023-12-06 19:30:00,Crystal Palace,Bournemouth,1.26441,1.79997,0,2
2023-12-06 19:30:00,Fulham,Nottingham Forest,3.09427,0.218659,5,0
2023-12-06 19:30:00,Sheffield United,Liverpool,0.834172,1.80116,0,2
2023-12-06 20:15:00,Aston Villa,Manchester City,2.1922,1.00198,1,0
2023-12-06 20:15:00,Manchester United,Chelsea,4.03949,2.3512,2,1
2023-12-07 19:30:00,Everton,Newcastle United,2.95393,1.29564,3,0
2023-12-07 20:15:00,Tottenham,West Ham,1.61268,1.7409,1,2
2023-12-09 12:30:00,Crystal Palace,Liverpool,1.79152,1.3708,1,2
2023-12-09 15:00:00,Brighton,Burnley,2.96247,1.05162,1,1
2023-12-09 15:00:00,Manchester United,Bournemouth,1.11296,1.9742,0,3
2023-12-09 15:00:00,Sheffield United,Brentford,0.841976,0.644638,1,0
2023-12-09 15:00:00,Wolverhampton Wanderers,Nottingham Forest,1.02199,1.21801,1,1
2023-12-09 17:30:00,Aston Villa,Arsenal,0.628499,1.71667,1,0
2023-12-10 14:00:00,Everton,Chelsea,1.11437,0.885512,2,0
2023-12-10 14:00:00,Fulham,West Ham,2.1884,0.983,5,0
2023-12-10 14:00:00,Luton,Manchester City,0.689037,2.23353,1,2
2023-12-10 16:30:00,Tottenham,Newcastle United,4.40118,1.61368,4,1
2023-12-15 20:00:00,Nottingham Forest,Tottenham,1.70569,1.60738,0,2
2023-12-16 15:00:00,Chelsea,Sheffield United,3.27322,0.44014,2,0
2023-12-16 15:00:00,Manchester City,Crystal Palace,2.41646,1.64977,2,2
2023-12-16 15:00:00,Newcastle United,Fulham,4.27933,0.471042,3,0
2023-12-16 17:30:00,Burnley,Everton,0.811435,2.22305,0,2
2023-12-17 14:00:00,Arsenal,Brighton,2.76976,0.663054,2,0
2023-12-17 14:00:00,Brentford,Aston Villa,0.796812,1.4664,1,2
2023-12-17 14:00:00,West Ham,Wolverhampton Wanderers,1.03828,0.556206,3,0
2023-12-17 16:30:00,Liverpool,Manchester United,1.97111,0.632715,0,0
2023-12-21 20:00:00,Crystal Palace,Brighton,1.65409,1.33653,1,1
2023-12-22 20:00:00,Aston Villa,Sheffield United,1.21861,0.646159,1,1
2023-12-23 12:30:00,West Ham,Manchester United,1.51468,0.730496,2,0
2023-12-23 15:00:00,Tottenham,Everton,1.57527,1.98385,2,1
2023-12-23 15:00:00,Nottingham Forest,Bournemouth,0.791806,1.89067,2,3
2023-12-23 15:00:00,Fulham,Burnley,1.38096,0.41714,0,2
2023-12-23 15:00:00,Luton,Newcastle United,1.81844,1.41488,1,0
2023-12-23 17:30:00,Liverpool,Arsenal,0.982901,0.851681,1,1
2023-12-24 13:00:00,Wolverhampton Wanderers,Chelsea,1.74626,1.75447,2,1
2023-12-26 12:30:00,Newcastle United,Nottingham Forest,2.79106,3.1074,1,3
2023-12-26 15:00:00,Bournemouth,Fulham,2.07911,0.324365,3,0
2023-12-26 15:00:00,Sheffield United,Luton,3.61788,0.715575,2,3
2023-12-26 17:30:00,Burnley,Liverpool,0.972389,1.68451,0,2
2023-12-26 20:00:00,Manchester United,Aston Villa,1.20104,1.83637,3,2
2023-12-27 19:30:00,Chelsea,Crystal Palace,2.73005,0.958077,2,1
2023-12-27 19:30:00,Brentford,Wolverhampton Wanderers,2.59347,1.89483,1,4
2023-12-27 20:15:00,Everton,Manchester City,1.23529,2.28321,1,3
2023-12-28 19:30:00,Brighton,Tottenham,3.84702,2.06955,4,2
2023-12-28 20:15:00,Arsenal,West Ham,2.7884,1.59711,0,2
2023-12-30 12:30:00,Luton,Chelsea,2.64093,1.57463,2,3
2023-12-30 15:00:00,Aston Villa,Burnley,2.92587,1.11923,3,2
2023-12-30 15:00:00,Crystal Palace,Brentford,1.61057,1.28731,3,1
2023-12-30 15:00:00,Manchester City,Sheffield United,2.24229,0.263211,2,0
2023-12-30 15:00:00,Wolverhampton Wanderers,Everton,2.64477,0.519641,3,0
2023-12-30 17:30:00,Nottingham Forest,Manchester United,0.744348,0.651905,2,1
2023-12-31 14:00:00,Tottenham,Bournemouth,2.15027,1.58229,3,1
2023-12-31 14:00:00,Fulham,Arsenal,1.52829,1.6591,2,1
2024-01-01 19:00:00,Liverpool,Newcastle United,6.67151,0.910974,4,2
2024-01-02 18:30:00,West Ham,Brighton,0.9831,2.1552,0,0
2024-01-12 19:45:00,Burnley,Luton,1.52023,0.965167,1,1
2024-01-13 12:30:00,Chelsea,Fulham,2.0456,0.697847,1,0
2024-01-13 17:30:00,Newcastle United,Manchester City,1.23638,2.55452,2,3
2024-01-14 14:00:00,Everton,Aston Villa,1.03664,1.3435,0,0
2024-01-14 16:30:00,Manchester United,Tottenham,0.923233,1.31224,2,2
2024-01-20 12:30:00,Arsenal,Crystal Palace,3.52167,0.288083,5,0
2024-01-20 17:30:00,Brentford,Nottingham Forest,1.94219,1.22251,3,2
2024-01-21 14:00:00,Sheffield United,West Ham,2.61362,2.4241,2,2
2024-01-21 16:30:00,Bournemouth,Liverpool,0.834585,1.53344,0,4
2024-01-22 19:45:00,Brighton,Wolverhampton Wanderers,1.3701,1.14116,0,0
2024-01-30 19:30:00,Nottingham Forest,Arsenal,0.631618,1.39143,1,2
2024-01-30 19:45:00,Fulham,Everton,2.37499,2.83317,0,0
2024-01-30 19:45:00,Luton,Brighton,3.63312,1.01366,4,0
2024-01-30 20:00:00,Crystal Palace,Sheffield United,1.1601,0.768467,3,2
2024-01-30 20:15:00,Aston Villa,Newcastle United,1.44485,3.3224,1,3
2024-01-31 19:30:00,Manchester City,Burnley,1.84756,1.49114,3,1
2024-01-31 19:30:00,Tottenham,Brentford,3.36194,1.59637,3,2
2024-01-31 20:15:00,Liverpool,Chelsea,3.6627,0.477972,4,1
2024-02-01 19:30:00,West Ham,Bournemouth,1.3128,1.13487,1,1
2024-02-01 20:15:00,Wolverhampton Wanderers,Manchester United,2.27609,3.22698,3,4
2024-02-03 12:30:00,Everton,Tottenham,3.25881,0.922371,2,2
2024-02-03 15:00:00,Newcastle United,Luton,2.37353,2.67463,4,4
2024-02-03 15:00:00,Burnley,Fulham,1.00428,1.28806,2,2
2024-02-03 15:00:00,Brighton,Crystal Palace,1.92591,0.241137,4,1
2024-02-03 17:30:00,Sheffield United,Aston Villa,1.52784,2.99015,0,5
2024-02-04 14:00:00,Bournemouth,Nottingham Forest,1.1895,0.456548,1,1
2024-02-04 14:00:00,Chelsea,Wolverhampton Wanderers,2.35967,2.48996,2,4
2024-02-04 14:00:00,Manchester United,West Ham,0.96721,1.1807,3,0
2024-02-04 16:30:00,Arsenal,Liverpool,2.8526,0.542052,3,1
2024-02-05 20:00:00,Brentford,Manchester City,0.865741,2.10785,1,3
2024-02-10 12:30:00,Manchester City,Everton,1.58971,0.192072,2,0
2024-02-10 15:00:00,Wolverhampton Wanderers,Brentford,1.05781,1.84908,0,2
2024-02-10 15:00:00,Tottenham,Brighton,2.10928,1.49285,2,1
2024-02-10 15:00:00,Luton,Sheffield United,1.76215,1.98283,1,3
2024-02-10 15:00:00,Liverpool,Burnley,3.14734,1.11123,3,1
2024-02-10 15:00:00,Fulham,Bournemouth,1.7456,2.60612,3,1
2024-02-10 17:30:00,Nottingham Forest,Newcastle United,0.968075,0.511375,2,3
2024-02-11 14:00:00,West Ham,Arsenal,0.191065,3.99893,0,6
2024-02-11 16:30:00,Aston Villa,Manchester United,2.64675,2.44591,1,2
2024-02-12 20:00:00,Crystal Palace,Chelsea,0.719516,1.26948,1,3
2024-02-17 12:30:00,Brentford,Liverpool,1.69518,3.08952,1,4
2024-02-17 15:00:00,Burnley,Arsenal,0.335143,2.20575,0,5
2024-02-17 15:00:00,Fulham,Aston Villa,1.41796,1.57297,1,2
2024-02-17 15:00:00,Tottenham,Wolverhampton Wanderers,1.59768,1.77591,1,2
2024-02-17 15:00:00,Newcastle United,Bournemouth,2.38425,2.08098,2,2
2024-02-17 15:00:00,Nottingham Forest,West Ham,2.66942,0.520016,2,0
2024-02-17 17:30:00,Manchester City,Chelsea,2.77713,1.82903,1,1
2024-02-18 14:00:00,Sheffield United,Brighton,0.586214,3.35549,0,5
2024-02-18 16:30:00,Luton,Manchester United,1.57234,3.58973,1,2
2024-02-19 20:00:00,Everton,Crystal Palace,2.44588,0.734685,1,1
2024-02-20 18:30:00,Manchester City,Brentford,2.53766,0.503799,1,0
2024-02-21 15:00:00,Liverpool,Luton,3.70302,0.956512,4,1
2024-02-24 15:00:00,Manchester United,Fulham,1.96036,1.1385,1,2
2024-02-24 15:00:00,Brighton,Everton,1.6538,0.286655,1,1
2024-02-24 15:00:00,Crystal Palace,Burnley,2.41612,0.0760216,3,0
2024-02-24 15:00:00,Aston Villa,Nottingham Forest,3.48861,2.25569,4,2
2024-02-24 17:30:00,Bournemouth,Manchester City,0.925889,1.79636,0,1
2024-02-24 20:00:00,Arsenal,Newcastle United,2.59336,0.217373,4,1
2024-02-25 13:30:00,Wolverhampton Wanderers,Sheffield United,1.21618,0.654342,1,0
2024-02-26 20:00:00,West Ham,Brentford,2.06873,1.33683,4,2
2024-03-02 15:00:00,Brentford,Chelsea,2.4732,2.1523,2,2
2024-03-02 15:00:00,Everton,West Ham,3.12075,2.17948,1,3
2024-03-02 15:00:00,Fulham,Brighton,1.37604,1.15198,3,0
2024-03-02 15:00:00,Newcastle United,Wolverhampton Wanderers,3.33495,0.507769,3,0
2024-03-02 15:00:00,Nottingham Forest,Liverpool,0.971466,1.32259,0,1
2024-03-02 15:00:00,Tottenham,Crystal Palace,2.6625,0.277887,3,1
2024-03-02 17:30:00,Luton,Aston Villa,2.43312,2.08586,2,3
2024-03-03 13:00:00,Burnley,Bournemouth,1.60461,1.43616,0,2
2024-03-03 15:30:00,Manchester City,Manchester United,2.64173,0.153764,3,1
2024-03-04 20:00:00,Sheffield United,Arsenal,0.201374,2.47294,0,6
2024-03-09 12:30:00,Manchester United,Everton,2.9016,1.8214,2,0
2024-03-09 15:00:00,Bournemouth,Sheffield United,3.92657,1.91752,2,2
2024-03-09 15:00:00,Crystal Palace,Luton,3.25103,1.08531,1,1
2024-03-09 15:00:00,Wolverhampton Wanderers,Fulham,1.29589,2.94155,2,1
2024-03-09 17:30:00,Arsenal,Brentford,1.59369,0.733239,2,1
2024-03-10 13:00:00,Aston Villa,Tottenham,1.23267,2.25381,0,4
2024-03-10 14:00:00,Brighton,Nottingham Forest,0.534518,0.687034,1,0
2024-03-10 14:00:00,West Ham,Burnley,1.87414,0.88131,2,2
2024-03-10 15:45:00,Liverpool,Manchester City,2.25492,1.37289,1,1
2024-03-11 20:00:00,Chelsea,Newcastle United,1.78315,0.568435,3,2
2024-03-13 19:30:00,Bournemouth,Luton,2.84403,2.79419,4,3
2024-03-16 15:00:00,Burnley,Brentford,2.69776,1.25123,2,1
2024-03-16 15:00:00,Luton,Nottingham Forest,0.853782,1.95268,1,1
2024-03-16 17:30:00,Fulham,Tottenham,2.47234,2.14564,3,0
2024-03-17 14:00:00,West Ham,Aston Villa,1.32829,0.911274,1,1
2024-03-30 12:30:00,Newcastle United,West Ham,3.80922,0.994584,4,3
2024-03-30 15:00:00,Tottenham,Luton,2.46523,0.402402,2,1
2024-03-30 15:00:00,Nottingham Forest,Crystal Palace,0.784652,0.900972,1,1
2024-03-30 15:00:00,Sheffield United,Fulham,1.78824,1.10254,3,3
2024-03-30 15:00:00,Bournemouth,Everton,1.39268,0.93378,2,1
2024-03-30 15:00:00,Chelsea,Burnley,4.46643,2.10422,2,2
2024-03-30 17:30:00,Aston Villa,Wolverhampton Wanderers,1.28271,1.66232,2,0
2024-03-30 20:00:00,Brentford,Manchester United,3.16487,0.989565,1,1
2024-03-31 14:00:00,Liverpool,Brighton,3.21149,0.43922,2,1
2024-03-31 16:30:00,Manchester City,Arsenal,1.22009,0.511402,0,0
2024-04-02 18:30:00,Newcastle United,Everton,2.65009,1.69834,1,1
2024-04-02 18:30:00,Nottingham Forest,Fulham,1.94619,1.04304,3,1
2024-04-02 18:45:00,Bournemouth,Crystal Palace,1.30969,0.174389,1,0
2024-04-02 18:45:00,Burnley,Wolverhampton Wanderers,1.12581,1.01021,1,1
2024-04-02 19:15:00,West Ham,Tottenham,1.47017,1.39423,1,1
2024-04-03 18:30:00,Arsenal,Luton,1.14384,0.292082,2,0
2024-04-03 18:30:00,Brentford,Brighton,0.423299,1.22404,0,0
2024-04-03 19:15:00,Manchester City,Aston Villa,3.87704,1.18643,4,1
2024-04-04 18:30:00,Liverpool,Sheffield United,2.51772,0.720948,3,1
2024-04-04 19:15:00,Chelsea,Manchester United,3.48048,1.56686,4,3
2024-04-06 11:30:00,Crystal Palace,Manchester City,1.49472,2.26381,2,4
2024-04-06 14:00:00,Aston Villa,Brentford,1.16333,1.42064,3,3
2024-04-06 14:00:00,Everton,Burnley,0.659844,0.34699,1,0
2024-04-06 14:00:00,Fulham,Newcastle United,0.834564,1.18012,0,1
2024-04-06 14:00:00,Luton,Bournemouth,1.30478,0.616108,2,1
2024-04-06 14:00:00,Wolverhampton Wanderers,West Ham,1.78341,1.14133,1,2
2024-04-06 16:30:00,Brighton,Arsenal,0.428514,4.16518,0,3
2024-04-07 14:30:00,Manchester United,Liverpool,0.814509,4.43457,2,2
2024-04-07 16:30:00,Sheffield United,Chelsea,1.74265,0.521789,2,2
2024-04-07 19:00:00,Tottenham,Nottingham Forest,1.61978,2.00122,3,1
2024-04-13 11:30:00,Newcastle United,Tottenham,3.1483,0.737596,4,0
2024-04-13 14:00:00,Brentford,Sheffield United,1.09071,0.834498,2,0
2024-04-13 14:00:00,Burnley,Brighton,1.8522,0.889445,1,1
2024-04-13 14:00:00,Manchester City,Luton,4.64245,0.809775,5,1
2024-04-13 14:00:00,Nottingham Forest,Wolverhampton Wanderers,1.76244,1.45688,2,2
2024-04-13 16:30:00,Bournemouth,Manchester United,2.38519,1.52274,2,2
2024-04-14 13:00:00,Liverpool,Crystal Palace,3.04497,2.12879,0,1
2024-04-14 13:00:00,West Ham,Fulham,1.45307,3.61413,0,2
2024-04-14 15:30:00,Arsenal,Aston Villa,1.89003,0.929049,0,2
2024-04-15 19:00:00,Chelsea,Everton,3.37093,1.21791,6,0
2024-04-20 14:00:00,Sheffield United,Burnley,1.97816,2.42338,1,4
2024-04-20 14:00:00,Luton,Brentford,0.497799,3.7809,1,5
2024-04-20 18:30:00,Wolverhampton Wanderers,Arsenal,0.164516,1.66179,0,2
2024-04-21 12:30:00,Everton,Nottingham Forest,0.473233,1.18916,2,0
2024-04-21 14:00:00,Aston Villa,Bournemouth,2.62687,2.05211,3,1
2024-04-21 14:00:00,Crystal Palace,West Ham,3.7185,1.34536,5,2
2024-04-21 15:30:00,Fulham,Liverpool,0.83885,1.02445,1,3
2024-04-23 19:00:00,Arsenal,Chelsea,3.45858,1.60343,5,0
2024-04-24 18:45:00,Wolverhampton Wanderers,Bournemouth,0.484454,2.40311,0,1
2024-04-24 19:00:00,Crystal Palace,Newcastle United,1.43661,0.55129,2,0
2024-04-24 19:00:00,Everton,Liverpool,1.89111,1.87155,2,0
2024-04-24 19:00:00,Manchester United,Sheffield United,3.51311,1.20517,4,2
2024-04-25 19:00:00,Brighton,Manchester City,0.572021,1.90507,0,4
2024-04-27 11:30:00,West Ham,Liverpool,0.794025,2.29298,2,2
2024-04-27 14:00:00,Fulham,Crystal Palace,1.39418,1.05387,1,1
2024-04-27 14:00:00,Manchester United,Burnley,3.06197,1.89591,1,1
2024-04-27 14:00:00,Newcastle United,Sheffield United,2.93477,1.82408,5,1
2024-04-27 14:00:00,Wolverhampton Wanderers,Luton,1.49011,0.90435,2,1
2024-04-27 16:30:00,Everton,Brentford,1.21399,0.956356,1,0
2024-04-27 19:00:00,Aston Villa,Chelsea,0.612257,1.56401,2,2
2024-04-28 13:00:00,Bournemouth,Brighton,2.48132,1.35682,3,0
2024-04-28 13:00:00,Tottenham,Arsenal,2.60458,1.51469,2,3
2024-04-28 15:30:00,Nottingham Forest,Manchester City,2.17312,0.932063,0,2
2024-05-02 18:30:00,Chelsea,Tottenham,2.22432,1.27064,2,0
2024-05-03 19:00:00,Luton,Everton,0.950391,1.22959,1,1
2024-05-04 11:30:00,Arsenal,Bournemouth,3.91372,0.4687,3,0
2024-05-04 14:00:00,Brentford,Fulham,0.809379,1.45579,0,0
2024-05-04 14:00:00,Burnley,Newcastle United,1.28632,4.25643,1,4
2024-05-04 14:00:00,Sheffield United,Nottingham Forest,2.48986,1.93818,1,3
2024-05-04 16:30:00,Manchester City,Wolverhampton Wanderers,4.52542,0.396887,5,1
2024-05-05 13:00:00,Brighton,Aston Villa,2.63566,0.0644055,1,0
2024-05-05 13:00:00,Chelsea,West Ham,4.21838,0.893899,5,0
2024-05-05 15:30:00,Liverpool,Tottenham,3.26222,1.17205,4,2
2024-05-06 19:00:00,Crystal Palace,Manchester United,2.0656,0.341417,4,0
2024-05-11 11:30:00,Fulham,Manchester City,0.0886245,3.15218,0,4
2024-05-11 14:00:00,Wolverhampton Wanderers,Crystal Palace,1.1561,2.51452,1,3
2024-05-11 14:00:00,West Ham,Luton,3.71009,0.640456,3,1
2024-05-11 14:00:00,Tottenham,Burnley,3.00238,0.950331,2,1
2024-05-11 14:00:00,Everton,Sheffield United,1.82411,0.465523,1,0
2024-05-11 14:00:00,Newcastle United,Brighton,2.45163,1.91556,1,1
2024-05-11 14:00:00,Bournemouth,Brentford,1.07237,1.92722,1,2
2024-05-11 16:30:00,Nottingham Forest,Chelsea,2.44569,2.41068,2,3
2024-05-12 15:30:00,Manchester United,Arsenal,0.551669,1.73104,0,1
2024-05-13 19:00:00,Aston Villa,Liverpool,2.71655,1.89968,3,3
2024-05-14 19:00:00,Tottenham,Manchester City,1.84285,2.70331,0,2
2024-05-15 18:45:00,Brighton,Chelsea,1.32423,1.544,1,2
2024-05-15 19:00:00,Manchester United,Newcastle United,1.49706,2.27657,3,2
2024-05-19 15:00:00,Sheffield United,Tottenham,0.697312,3.19675,0,3
2024-05-19 15:00:00,Liverpool,Wolverhampton Wanderers,5.65937,0.731254,2,0
2024-05-19 15:00:00,Manchester City,West Ham,2.31504,0.240159,3,1
2024-05-19 15:00:00,Crystal Palace,Aston Villa,2.23189,0.598846,5,0
2024-05-19 15:00:00,Luton,Fulham,2.06743,1.11598,2,4
2024-05-19 15:00:00,Burnley,Nottingham Forest,1.08222,1.57962,1,2
2024-05-19 15:00:00,Brighton,Manchester United,1.9717,1.00404,0,2
2024-05-19 15:00:00,Brentford,Newcastle United,1.70157,3.65044,2,4
2024-05-19 15:00:00,Arsenal,Everton,3.2117,0.664904,2,1
2024-05-19 15:00:00,Chelsea,Bournemouth,1.59771,2.002,2,1
2024-08-16 19:00:00,Manchester United,Fulham,2.04268,0.418711,1,0
2024-08-17 11:30:00,Ipswich,Liverpool,0.342601,3.92906,0,2
2024-08-17 14:00:00,Newcastle United,Southampton,0.433489,1.95483,1,0
2024-08-17 14:00:00,Nottingham Forest,Bournemouth,1.24405,1.90915,1,1
2024-08-17 14:00:00,Arsenal,Wolverhampton Wanderers,1.6283,0.575835,2,0
2024-08-17 14:00:00,Everton,Brighton,0.405325,1.79083,0,3
2024-08-17 16:30:00,West Ham,Aston Villa,2.8047,2.6703,1,2
2024-08-18 13:00:00,Brentford,Crystal Palace,1.38064,1.14757,2,1
2024-08-18 15:30:00,Chelsea,Manchester City,1.06123,1.18038,0,2
2024-08-19 19:00:00,Leicester,Tottenham,1.02614,1.40775,1,1
2024-08-24 11:30:00,Brighton,Manchester United,2.14153,1.28556,2,1
2024-08-24 14:00:00,Southampton,Nottingham Forest,0.214952,2.86475,0,1
2024-08-24 14:00:00,Crystal Palace,West Ham,1.3761,1.53421,0,2
2024-08-24 14:00:00,Fulham,Leicester,1.96218,0.857005,2,1
2024-08-24 14:00:00,Manchester City,Ipswich,3.07818,0.479999,4,1
2024-08-24 14:00:00,Tottenham,Everton,2.61143,0.648869,4,0
2024-08-24 16:30:00,Aston Villa,Arsenal,1.31664,1.41399,0,2
2024-08-25 13:00:00,Wolverhampton Wanderers,Chelsea,2.4181,2.02935,2,6
2024-08-25 13:00:00,Bournemouth,Newcastle United,2.53513,1.89287,1,1
2024-08-25 15:30:00,Liverpool,Brentford,2.71877,0.457239,2,0
2024-08-31 11:30:00,Arsenal,Brighton,2.41798,1.81748,1,1
2024-08-31 14:00:00,Brentford,Southampton,3.86281,1.64713,3,1
2024-08-31 14:00:00,Everton,Bournemouth,2.55629,2.95688,2,3
2024-08-31 14:00:00,Ipswich,Fulham,0.707048,1.18883,1,1
2024-08-31 14:00:00,Leicester,Aston Villa,0.774741,2.16385,1,2
2024-08-31 14:00:00,Nottingham Forest,Wolverhampton Wanderers,1.41069,0.937632,1,1
2024-08-31 16:30:00,West Ham,Manchester City,0.947201,3.19297,1,3
2024-09-01 12:30:00,Chelsea,Crystal Palace,2.97743,0.459708,1,1
2024-09-01 12:30:00,Newcastle United,Tottenham,1.58694,1.63304,2,1
2024-09-01 15:00:00,Manchester United,Liverpool,1.50087,2.10397,0,3
2024-09-14 11:30:00,Southampton,Manchester United,1.35593,3.02693,0,3
2024-09-14 14:00:00,Manchester City,Brentford,1.55279,1.05094,2,1
2024-09-14 14:00:00,Brighton,Ipswich,1.75696,0.721323,0,0
2024-09-14 14:00:00,Crystal Palace,Leicester,2.88716,1.65187,2,2
2024-09-14 14:00:00,Fulham,West Ham,2.88601,0.682719,1,1
2024-09-14 14:00:00,Liverpool,Nottingham Forest,1.17044,0.589532,0,1
2024-09-14 16:30:00,Aston Villa,Everton,3.15876,0.852158,3,2
2024-09-14 19:00:00,Bournemouth,Chelsea,1.53731,0.932726,0,1
2024-09-15 13:00:00,Tottenham,Arsenal,0.792595,1.1209,0,1
2024-09-15 15:30:00,Wolverhampton Wanderers,Newcastle United,1.46969,1.48343,1,2
2024-09-21 11:30:00,West Ham,Chelsea,0.758267,2.39727,0,3
2024-09-21 14:00:00,Southampton,Ipswich,2.89813,1.645,1,1
2024-09-21 14:00:00,Tottenham,Brentford,3.89481,0.893565,3,1
2024-09-21 14:00:00,Liverpool,Bournemouth,2.43731,1.46979,3,0
2024-09-21 14:00:00,Leicester,Everton,1.33793,1.82377,1,1
2024-09-21 14:00:00,Fulham,Newcastle United,3.21141,1.09768,3,1
2024-09-21 14:00:00,Aston Villa,Wolverhampton Wanderers,2.37351,0.520117,3,1
2024-09-21 16:30:00,Crystal Palace,Manchester United,1.66928,2.35056,0,0
2024-09-22 13:00:00,Brighton,Nottingham Forest,1.56836,1.36923,2,2
2024-09-22 15:30:00,Manchester City,Arsenal,2.75588,1.28411,2,2
2024-09-28 11:30:00,Newcastle United,Manchester City,1.34344,1.26516,1,1
2024-09-28 14:00:00,Arsenal,Leicester,6.05305,0.337909,4,2
2024-09-28 14:00:00,Brentford,West Ham,0.370222,0.878617,1,1
2024-09-28 14:00:00,Chelsea,Brighton,3.65839,1.20712,4,2
2024-09-28 14:00:00,Everton,Crystal Palace,1.10959,1.12358,2,1
2024-09-28 14:00:00,Nottingham Forest,Fulham,0.614351,1.43592,0,1
2024-09-28 16:30:00,Wolverhampton Wanderers,Liverpool,0.748925,2.11724,1,2
2024-09-29 13:00:00,Ipswich,Aston Villa,1.84608,1.14494,2,2
2024-09-29 15:30:00,Manchester United,Tottenham,0.600721,5.4072,0,3
2024-09-30 19:00:00,Bournemouth,Southampton,1.44215,0.696068,3,1
2024-10-05 11:30:00,Crystal Palace,Liverpool,0.609481,2.07332,0,1
2024-10-05 14:00:00,Arsenal,Southampton,3.25165,1.27313,3,1
2024-10-05 14:00:00,Brentford,Wolverhampton Wanderers,4.13513,0.696254,5,3
2024-10-05 14:00:00,Leicester,Bournemouth,0.912063,1.94963,1,0
2024-10-05 14:00:00,Manchester City,Fulham,1.36684,2.75846,3,2
2024-10-05 14:00:00,West Ham,Ipswich,4.39402,1.18463,4,1
2024-10-05 16:30:00,Everton,Newcastle United,0.692214,1.79048,0,0
2024-10-06 13:00:00,Aston Villa,Manchester United,0.532809,0.448537,0,0
2024-10-06 13:00:00,Chelsea,Nottingham Forest,2.27752,1.66654,1,1
2024-10-06 15:30:00,Brighton,Tottenham,1.97217,1.09279,3,2
2024-10-19 11:30:00,Tottenham,West Ham,1.44052,0.858803,4,1
2024-10-19 14:00:00,Fulham,Aston Villa,2.63074,1.43595,1,3
2024-10-19 14:00:00,Ipswich,Everton,1.174,1.60804,0,2
2024-10-19 14:00:00,Manchester United,Brentford,1.76555,0.892843,2,1
2024-10-19 14:00:00,Newcastle United,Brighton,1.93657,1.6779,0,1
2024-10-19 14:00:00,Southampton,Leicester,2.42776,2.83826,2,3
2024-10-19 16:30:00,Bournemouth,Arsenal,2.18419,0.740758,2,0
2024-10-20 13:00:00,Wolverhampton Wanderers,Manchester City,0.761217,1.36569,1,2
2024-10-20 15:30:00,Liverpool,Chelsea,2.22517,1.33904,2,1
2024-10-21 19:00:00,Nottingham Forest,Crystal Palace,1.88573,0.835001,1,0
2024-10-25 19:00:00,Leicester,Nottingham Forest,0.832415,2.54488,1,3
2024-10-26 14:00:00,Manchester City,Southampton,3.16286,0.369989,1,0
2024-10-26 14:00:00,Brighton,Wolverhampton Wanderers,1.51347,1.11074,2,2
2024-10-26 14:00:00,Aston Villa,Bournemouth,1.974,0.328651,1,1
2024-10-26 14:00:00,Brentford,Ipswich,4.09663,1.65698,4,3
2024-10-26 16:30:00,Everton,Fulham,0.884845,1.49531,1,1
2024-10-27 14:00:00,Chelsea,Newcastle United,1.61794,1.74225,2,1
2024-10-27 14:00:00,Crystal Palace,Tottenham,0.978611,1.0192,1,0
2024-10-27 14:00:00,West Ham,Manchester United,2.99312,2.62598,2,1
2024-10-27 16:30:00,Arsenal,Liverpool,1.0883,1.35346,2,2
2024-11-02 12:30:00,Newcastle United,Arsenal,0.859715,0.911305,1,0
2024-11-02 15:00:00,Nottingham Forest,West Ham,2.35011,0.132317,3,0
2024-11-02 15:00:00,Southampton,Everton,0.540345,1.78581,1,0
2024-11-02 15:00:00,Bournemouth,Manchester City,2.4493,2.3527,2,1
2024-11-02 15:00:00,Ipswich,Leicester,1.33617,2.33858,1,1
2024-11-02 15:00:00,Liverpool,Brighton,1.81037,1.01568,2,1
2024-11-02 17:30:00,Wolverhampton Wanderers,Crystal Palace,1.65018,2.64849,2,2
2024-11-03 14:00:00,Tottenham,Aston Villa,2.09751,2.48749,4,1
2024-11-03 16:30:00,Manchester United,Chelsea,2.1605,1.21071,1,1
2024-11-04 20:00:00,Fulham,Brentford,1.43017,0.739231,2,1
2024-11-09 15:00:00,Brentford,Bournemouth,1.56474,2.49234,3,2
2024-11-09 15:00:00,Crystal Palace,Fulham,1.96037,2.25331,0,2
2024-11-09 15:00:00,West Ham,Everton,1.1237,0.865983,0,0
2024-11-09 15:00:00,Wolverhampton Wanderers,Southampton,0.912781,0.792655,2,0
2024-11-09 17:30:00,Brighton,Manchester City,2.87116,2.60334,2,1
2024-11-09 20:00:00,Liverpool,Aston Villa,2.68196,1.66337,2,0
2024-11-10 14:00:00,Tottenham,Ipswich,1.75088,2.18392,1,2
2024-11-10 14:00:00,Manchester United,Leicester,1.2369,0.417295,3,0
2024-11-10 14:00:00,Nottingham Forest,Newcastle United,1.17852,1.86904,1,3
2024-11-10 16:30:00,Chelsea,Arsenal,1.24067,1.9605,1,1
2024-11-23 12:30:00,Leicester,Chelsea,0.967987,2.81658,1,2
2024-11-23 15:00:00,Arsenal,Nottingham Forest,1.66016,0.403136,3,0
2024-11-23 15:00:00,Aston Villa,Crystal Palace,3.04455,1.61437,2,2
2024-11-23 15:00:00,Bournemouth,Brighton,1.91157,1.23059,1,2
2024-11-23 15:00:00,Everton,Brentford,1.5951,1.34314,0,0
2024-11-23 15:00:00,Fulham,Wolverhampton Wanderers,0.717158,1.33903,1,4
2024-11-23 17:30:00,Manchester City,Tottenham,2.15899,3.30449,0,4
2024-11-24 14:00:00,Southampton,Liverpool,1.53985,3.18835,2,3
2024-11-24 16:30:00,Ipswich,Manchester United,1.98714,1.26912,1,1
2024-11-25 20:00:00,Newcastle United,West Ham,1.49781,0.942824,0,2
2024-11-29 20:00:00,Brighton,Southampton,1.86986,0.934969,1,1
2024-11-30 15:00:00,Brentford,Leicester,2.21885,0.907555,4,1
2024-11-30 15:00:00,Crystal Palace,Newcastle United,2.29595,0.020989,1,1
2024-11-30 15:00:00,Nottingham Forest,Ipswich,1.76587,0.462771,1,0
2024-11-30 15:00:00,Wolverhampton Wanderers,Bournemouth,0.866034,3.07901,2,4
2024-11-30 17:30:00,West Ham,Arsenal,1.23539,3.99935,2,5
2024-12-01 13:30:00,Manchester United,Everton,1.76161,0.766749,4,0
2024-12-01 13:30:00,Tottenham,Fulham,1.01086,1.57274,1,1
2024-12-01 13:30:00,Chelsea,Aston Villa,1.94939,0.875443,3,0
2024-12-01 16:00:00,Liverpool,Manchester City,3.70054,0.745015,2,0
2024-12-03 19:30:00,Ipswich,Crystal Palace,0.471708,1.65422,0,1
2024-12-03 20:15:00,Leicester,West Ham,2.78061,2.87716,3,1
2024-12-04 19:30:00,Everton,Wolverhampton Wanderers,1.49904,0.847724,4,0
2024-12-04 19:30:00,Manchester City,Nottingham Forest,3.20169,0.802155,3,0
2024-12-04 19:30:00,Newcastle United,Liverpool,1.52057,2.22766,3,3
2024-12-04 19:30:00,Southampton,Chelsea,1.91014,5.8331,1,5
2024-12-04 20:15:00,Arsenal,Manchester United,2.96684,0.256083,2,0
2024-12-04 20:15:00,Aston Villa,Brentford,3.21673,1.13266,3,1
2024-12-05 19:30:00,Fulham,Brighton,0.666644,1.09939,3,1
2024-12-05 20:15:00,Bournemouth,Tottenham,3.27716,0.623934,1,0
2024-12-07 15:00:00,Crystal Palace,Manchester City,1.21476,1.5846,2,2
2024-12-07 15:00:00,Aston Villa,Southampton,2.51338,0.385832,1,0
2024-12-07 15:00:00,Brentford,Newcastle United,1.746,1.95645,4,2
2024-12-07 17:30:00,Manchester United,Nottingham Forest,1.4697,0.651217,2,3
2024-12-08 14:00:00,Fulham,Arsenal,0.150988,2.4333,1,1
2024-12-08 14:00:00,Ipswich,Bournemouth,1.5668,3.49127,1,2
2024-12-08 14:00:00,Leicester,Brighton,1.42438,1.12184,2,2
2024-12-08 16:30:00,Tottenham,Chelsea,3.25488,2.57326,3,4
2024-12-09 20:00:00,West Ham,Wolverhampton Wanderers,1.19808,1.47567,2,1
2024-12-14 15:00:00,Wolverhampton Wanderers,Ipswich,1.23748,1.73349,1,2
2024-12-14 15:00:00,Newcastle United,Leicester,3.95461,0.186759,4,0
2024-12-14 15:00:00,Arsenal,Everton,1.30865,0.132166,0,0
2024-12-14 15:00:00,Liverpool,Fulham,2.09698,1.2862,2,2
2024-12-14 17:30:00,Nottingham Forest,Aston Villa,2.2861,0.389423,2,1
2024-12-15 14:00:00,Brighton,Crystal Palace,1.32323,3.00618,1,3
2024-12-15 16:30:00,Manchester City,Manchester United,0.638103,2.04662,1,2
2024-12-15 19:00:00,Chelsea,Brentford,2.59146,1.65861,2,1
2024-12-15 19:00:00,Southampton,Tottenham,1.27356,3.89322,0,5
2024-12-16 20:00:00,Bournemouth,West Ham,2.04842,1.81827,1,1
2024-12-21 12:30:00,Aston Villa,Manchester City,2.05988,1.09627,2,1
2024-12-21 15:00:00,Ipswich,Newcastle United,1.06427,3.23386,0,4
2024-12-21 15:00:00,West Ham,Brighton,1.22937,1.34379,1,1
2024-12-21 15:00:00,Brentford,Nottingham Forest,0.769004,0.964897,0,2
2024-12-21 17:30:00,Crystal Palace,Arsenal,1.6052,3.05434,1,5
2024-12-22 14:00:00,Manchester United,Bournemouth,2.28533,1.82831,0,3
2024-12-22 14:00:00,Leicester,Wolverhampton Wanderers,0.78868,1.13531,0,3
2024-12-22 14:00:00,Everton,Chelsea,1.07081,1.51591,0,0
2024-12-22 14:00:00,Fulham,Southampton,1.25255,0.280031,0,0
2024-12-22 16:30:00,Tottenham,Liverpool,1.20245,5.20214,3,6
2024-12-26 12:30:00,Manchester City,Everton,2.51965,0.653289,1,1
2024-12-26 15:00:00,Southampton,West Ham,2.19833,1.90111,0,1
2024-12-26 15:00:00,Bournemouth,Crystal Palace,1.20189,0.500066,0,0
2024-12-26 15:00:00,Chelsea,Fulham,1.55626,1.77929,1,2
2024-12-26 15:00:00,Newcastle United,Aston Villa,2.82867,0.225522,3,0
2024-12-26 15:00:00,Nottingham Forest,Tottenham,1.30018,1.05758,1,0
2024-12-26 17:30:00,Wolverhampton Wanderers,Manchester United,0.826489,0.358876,2,0
2024-12-26 20:00:00,Liverpool,Leicester,1.89935,0.22097,3,1
2024-12-27 19:30:00,Brighton,Brentford,1.33538,0.961233,0,0
2024-12-27 20:15:00,Arsenal,Ipswich,2.16462,0.0783327,1,0
2024-12-29 14:30:00,Leicester,Manchester City,1.84208,1.58002,0,2
2024-12-29 15:00:00,Fulham,Bournemouth,0.961566,1.70692,2,2
2024-12-29 15:00:00,Tottenham,Wolverhampton Wanderers,2.28433,0.640697,2,2
2024-12-29 15:00:00,Crystal Palace,Southampton,3.05417,1.21853,2,1
2024-12-29 15:00:00,Everton,Nottingham Forest,0.615191,2.02753,0,2
2024-12-29 17:15:00,West Ham,Liverpool,0.518279,3.29868,0,5
2024-12-30 19:45:00,Aston Villa,Brighton,1.87997,0.938042,2,2
2024-12-30 19:45:00,Ipswich,Chelsea,1.50093,1.60622,2,0
2024-12-30 20:00:00,Manchester United,Newcastle United,1.00073,2.2424,0,2
2025-01-01 17:30:00,Brentford,Arsenal,0.272604,1.99848,1,3
2025-01-04 12:30:00,Tottenham,Newcastle United,1.00333,2.42963,1,2
2025-01-04 15:00:00,Aston Villa,Leicester,2.3456,0.81548,2,1
2025-01-04 15:00:00,Bournemouth,Everton,2.61852,0.561015,1,0
2025-01-04 15:00:00,Crystal Palace,Chelsea,1.2766,1.51541,1,1
2025-01-04 15:00:00,Manchester City,West Ham,1.97986,1.53286,4,1
2025-01-04 15:00:00,Southampton,Brentford,0.249614,5.54874,0,5
2025-01-04 17:30:00,Brighton,Arsenal,1.76513,1.81142,1,1
2025-01-05 14:00:00,Fulham,Ipswich,2.65469,1.4434,2,2
2025-01-05 16:30:00,Liverpool,Manchester United,2.862,1.67469,2,2
2025-01-06 20:00:00,Wolverhampton Wanderers,Nottingham Forest,1.90463,2.57227,0,3
2025-01-14 19:30:00,Brentford,Manchester City,2.39088,2.65315,2,2
2025-01-14 19:30:00,Chelsea,Bournemouth,2.53808,1.14845,2,2
2025-01-14 19:30:00,West Ham,Fulham,0.937322,2.83581,3,2
2025-01-14 20:00:00,Nottingham Forest,Liverpool,0.5292,2.72291,1,1
2025-01-15 19:30:00,Everton,Aston Villa,1.23126,1.28522,0,1
2025-01-15 19:30:00,Leicester,Crystal Palace,2.09904,2.2647,0,2
2025-01-15 19:30:00,Newcastle United,Wolverhampton Wanderers,2.13327,1.47433,3,0
2025-01-15 20:00:00,Arsenal,Tottenham,2.25501,0.777071,2,1
2025-01-16 19:30:00,Ipswich,Brighton,0.268127,1.06343,0,2
2025-01-16 20:00:00,Manchester United,Southampton,3.10847,1.36705,3,1
2025-01-18 12:30:00,Newcastle United,Bournemouth,0.837801,2.70174,1,4
2025-01-18 15:00:00,Brentford,Liverpool,1.20021,4.16249,0,2
2025-01-18 15:00:00,Leicester,Fulham,0.676934,2.36823,0,2
2025-01-18 15:00:00,West Ham,Crystal Palace,0.221062,1.62561,0,2
2025-01-18 17:30:00,Arsenal,Aston Villa,1.64458,1.20602,2,2
2025-01-19 14:00:00,Everton,Tottenham,2.56089,1.35719,3,2
2025-01-19 14:00:00,Manchester United,Brighton,1.31823,2.17172,1,3
2025-01-19 14:00:00,Nottingham Forest,Southampton,2.36419,1.25922,3,2
2025-01-19 16:30:00,Ipswich,Manchester City,0.795637,3.20228,0,6
2025-01-20 20:00:00,Chelsea,Wolverhampton Wanderers,3.14882,1.06726,3,1
2025-01-25 15:00:00,Wolverhampton Wanderers,Arsenal,0.514724,0.887358,0,1
2025-01-25 15:00:00,Liverpool,Ipswich,2.16809,0.804707,4,1
2025-01-25 15:00:00,Southampton,Newcastle United,0.825621,3.08319,1,3
2025-01-25 15:00:00,Bournemouth,Nottingham Forest,2.8254,0.996166,5,0
2025-01-25 15:00:00,Brighton,Everton,0.64378,0.870883,0,1
2025-01-25 17:30:00,Manchester City,Chelsea,2.23213,1.49843,3,1
2025-01-26 14:00:00,Crystal Palace,Brentford,1.23177,1.92037,1,2
2025-01-26 14:00:00,Tottenham,Leicester,1.27483,1.40469,1,2
2025-01-26 16:30:00,Aston Villa,West Ham,0.907851,1.67886,1,1
2025-01-26 19:00:00,Fulham,Manchester United,0.560571,0.201988,0,1
2025-02-01 12:30:00,Nottingham Forest,Brighton,4.0677,0.756296,7,0
2025-02-01 15:00:00,Bournemouth,Liverpool,1.65273,2.7219,0,2
2025-02-01 15:00:00,Everton,Leicester,3.11261,0.447136,4,0
2025-02-01 15:00:00,Ipswich,Southampton,1.94845,1.17566,1,2
2025-02-01 15:00:00,Newcastle United,Fulham,1.22716,1.60881,1,2
2025-02-01 17:30:00,Wolverhampton Wanderers,Aston Villa,2.00146,0.742809,2,0
2025-02-02 14:00:00,Manchester United,Crystal Palace,1.50706,2.44633,0,2
2025-02-02 14:00:00,Brentford,Tottenham,1.66475,0.945355,0,2
2025-02-02 16:30:00,Arsenal,Manchester City,1.53202,0.743191,5,1
2025-02-03 20:00:00,Chelsea,West Ham,1.39066,1.1868,2,1
2025-02-12 19:30:00,Everton,Liverpool,0.910523,0.929103,2,2
2025-02-14 20:00:00,Brighton,Chelsea,2.06892,0.649788,3,0
2025-02-15 12:30:00,Leicester,Arsenal,0.233209,1.75,0,2
2025-02-15 15:00:00,Aston Villa,Ipswich,2.89841,0.332864,1,1
2025-02-15 15:00:00,Fulham,Nottingham Forest,2.20993,0.331301,2,1
2025-02-15 15:00:00,Manchester City,Newcastle United,2.12004,0.157211,4,0
2025-02-15 15:00:00,Southampton,Bournemouth,0.974418,2.08722,1,3
2025-02-15 15:00:00,West Ham,Brentford,0.673466,1.96499,0,1
2025-02-15 17:30:00,Crystal Palace,Everton,2.30646,1.01565,1,2
2025-02-16 14:00:00,Liverpool,Wolverhampton Wanderers,1.86758,1.05329,2,1
2025-02-16 16:30:00,Tottenham,Manchester United,1.97109,1.42652,1,0
2025-02-19 15:00:00,Aston Villa,Liverpool,1.02269,2.04279,2,2
2025-02-21 20:00:00,Leicester,Brentford,0.727901,2.03465,0,4
2025-02-22 12:30:00,Everton,Manchester United,2.10444,0.645685,2,2
2025-02-22 15:00:00,Arsenal,West Ham,1.37264,1.02684,0,1
2025-02-22 15:00:00,Bournemouth,Wolverhampton Wanderers,0.629691,2.10124,0,1
2025-02-22 15:00:00,Fulham,Crystal Palace,0.23426,1.46203,0,2
2025-02-22 15:00:00,Ipswich,Tottenham,1.15389,1.58741,1,4
2025-02-22 15:00:00,Southampton,Brighton,0.154147,5.12018,0,4
2025-02-22 17:30:00,Aston Villa,Chelsea,2.69413,2.17418,2,1
2025-02-23 14:00:00,Newcastle United,Nottingham Forest,3.45858,2.38603,4,3
2025-02-23 16:30:00,Manchester City,Liverpool,0.58248,0.807058,0,2
2025-02-25 19:30:00,Brighton,Bournemouth,2.57927,1.70169,2,1
2025-02-25 19:30:00,Crystal Palace,Aston Villa,4.02522,0.667217,4,1
2025-02-25 19:30:00,Wolverhampton Wanderers,Fulham,0.928973,1.43473,1,2
2025-02-25 20:15:00,Chelsea,Southampton,2.98234,0.845039,4,0
2025-02-26 19:30:00,Brentford,Everton,1.34009,1.44955,1,1
2025-02-26 19:30:00,Manchester United,Ipswich,1.40202,1.04498,3,2
2025-02-26 19:30:00,Nottingham Forest,Arsenal,0.508611,1.31766,0,0
2025-02-26 19:30:00,Tottenham,Manchester City,1.28426,2.38641,0,1
2025-02-26 20:15:00,Liverpool,Newcastle United,1.40027,0.45882,2,0
2025-02-27 20:00:00,West Ham,Leicester,1.70437,0.289578,2,0
2025-03-08 12:30:00,Nottingham Forest,Manchester City,0.501476,0.721234,1,0
2025-03-08 15:00:00,Brighton,Fulham,1.94417,0.708227,2,1
2025-03-08 15:00:00,Crystal Palace,Ipswich,3.13879,1.63282,1,0
2025-03-08 15:00:00,Liverpool,Southampton,4.98996,0.511566,3,1
2025-03-08 17:30:00,Brentford,Aston Villa,0.637743,1.29638,0,1
2025-03-08 20:00:00,Wolverhampton Wanderers,Everton,0.812432,1.3672,1,1
2025-03-09 14:00:00,Chelsea,Leicester,1.76844,0.108487,1,0
2025-03-09 14:00:00,Tottenham,Bournemouth,1.35053,2.22536,2,2
2025-03-09 16:30:00,Manchester United,Arsenal,1.31107,1.82996,1,1
2025-03-10 20:00:00,West Ham,Newcastle United,0.823986,1.62976,0,1
2025-03-15 15:00:00,Southampton,Wolverhampton Wanderers,1.2821,0.540718,1,2
2025-03-15 15:00:00,Manchester City,Brighton,2.02642,2.11119,2,2
2025-03-15 15:00:00,Ipswich,Nottingham Forest,0.520839,1.30722,2,4
2025-03-15 15:00:00,Everton,West Ham,1.189,0.516029,1,1
2025-03-15 17:30:00,Bournemouth,Brentford,2.02714,1.60321,1,2
2025-03-16 13:30:00,Arsenal,Chelsea,0.695725,0.286036,1,0
2025-03-16 13:30:00,Fulham,Tottenham,1.03966,1.40865,2,0
2025-03-16 19:00:00,Leicester,Manchester United,1.30455,1.13892,0,3
2025-04-01 19:45:00,Arsenal,Fulham,2.30189,1.44206,2,1
2025-04-01 19:45:00,Wolverhampton Wanderers,West Ham,1.10359,1.73057,1,0
2025-04-01 20:00:00,Nottingham Forest,Manchester United,0.512063,1.86688,1,0
2025-04-02 19:45:00,Bournemouth,Ipswich,1.99637,1.41263,1,2
2025-04-02 19:45:00,Brighton,Aston Villa,0.558009,1.20715,0,3
2025-04-02 19:45:00,Southampton,Crystal Palace,0.687304,0.93776,1,1
2025-04-02 19:45:00,Manchester City,Leicester,2.07165,0.104741,2,0
2025-04-02 19:45:00,Newcastle United,Brentford,2.26584,1.53201,2,1
2025-04-02 20:00:00,Liverpool,Everton,1.29718,0.823136,1,0
2025-04-03 19:00:00,Chelsea,Tottenham,1.30443,1.40274,1,0
2025-04-05 11:30:00,Everton,Arsenal,1.22875,1.4031,1,1
2025-04-05 14:00:00,Crystal Palace,Brighton,0.443965,1.27226,2,1
2025-04-05 14:00:00,Ipswich,Wolverhampton Wanderers,0.872356,2.8096,1,2
2025-04-05 14:00:00,West Ham,Bournemouth,0.907832,1.94869,2,2
2025-04-05 16:30:00,Aston Villa,Nottingham Forest,2.63349,0.96769,2,1
2025-04-06 13:00:00,Fulham,Liverpool,1.72764,1.40638,3,2
2025-04-06 13:00:00,Tottenham,Southampton,2.648,0.780439,3,1
2025-04-06 13:00:00,Brentford,Chelsea,1.36123,1.47829,0,0
2025-04-06 15:30:00,Manchester United,Manchester City,1.23317,0.687894,0,0
2025-04-07 19:00:00,Leicester,Newcastle United,0.354575,3.44111,0,3
2025-04-12 11:30:00,Manchester City,Crystal Palace,4.59724,1.33808,5,2
2025-04-12 14:00:00,Brighton,Leicester,3.6978,1.98444,2,2
2025-04-12 14:00:00,Nottingham Forest,Everton,0.423949,1.26036,0,1
2025-04-12 14:00:00,Southampton,Aston Villa,0.412256,2.99927,0,3
2025-04-12 16:30:00,Arsenal,Brentford,0.767369,0.588583,1,1
2025-04-13 13:00:00,Chelsea,Ipswich,2.90758,1.60301,2,2
2025-04-13 13:00:00,Liverpool,West Ham,1.42902,1.46598,2,1
2025-04-13 13:00:00,Wolverhampton Wanderers,Tottenham,2.22977,1.62887,4,2
2025-04-13 15:30:00,Newcastle United,Manchester United,2.6383,0.786568,4,1
2025-04-14 19:00:00,Bournemouth,Fulham,1.8577,1.07203,1,0
2025-04-16 18:30:00,Newcastle United,Crystal Palace,2.32947,2.37548,5,0
2025-04-19 14:00:00,Brentford,Brighton,2.95516,1.24107,4,2
2025-04-19 14:00:00,Crystal Palace,Bournemouth,0.337818,0.664093,0,0
2025-04-19 14:00:00,Everton,Manchester City,0.81683,1.87989,0,2
2025-04-19 14:00:00,West Ham,Southampton,0.98423,0.922877,1,1
2025-04-19 16:30:00,Aston Villa,Newcastle United,3.05371,1.27176,4,1
2025-04-20 13:00:00,Fulham,Chelsea,0.306122,0.75172,1,2
2025-04-20 13:00:00,Ipswich,Arsenal,0.192879,2.81362,0,4
2025-04-20 13:00:00,Manchester United,Wolverhampton Wanderers,1.13966,0.187814,0,1
2025-04-20 15:30:00,Leicester,Liverpool,0.232205,4.52706,0,1
2025-04-21 19:00:00,Tottenham,Nottingham Forest,2.4024,0.557682,1,2
2025-04-22 19:00:00,Manchester City,Aston Villa,1.36232,1.85906,2,1
2025-04-23 19:00:00,Arsenal,Crystal Palace,1.92149,2.50515,2,2
2025-04-26 11:30:00,Chelsea,Everton,0.768313,0.916838,1,0
2025-04-26 14:00:00,Brighton,West Ham,1.29433,1.24134,3,2
2025-04-26 14:00:00,Newcastle United,Ipswich,4.11539,0.127203,3,0
2025-04-26 14:00:00,Southampton,Fulham,0.935581,1.9956,1,2
2025-04-26 14:00:00,Wolverhampton Wanderers,Leicester,2.57666,1.04978,3,0
2025-04-27 13:00:00,Bournemouth,Manchester United,0.60995,1.91039,1,1
2025-04-27 15:30:00,Liverpool,Tottenham,2.51104,0.512812,5,1
2025-05-01 18:30:00,Nottingham Forest,Brentford,0.670607,1.52054,0,2
2025-05-02 19:00:00,Manchester City,Wolverhampton Wanderers,0.859463,0.622455,1,0
2025-05-03 11:30:00,Aston Villa,Fulham,1.29013,0.702787,1,0
2025-05-03 14:00:00,Everton,Ipswich,0.808481,1.14351,2,2
2025-05-03 14:00:00,Leicester,Southampton,1.60739,0.550774,2,0
2025-05-03 16:30:00,Arsenal,Bournemouth,2.05484,1.41783,1,2
2025-05-04 13:00:00,West Ham,Tottenham,1.15166,0.847022,1,1
2025-05-04 13:00:00,Brentford,Manchester United,3.58737,1.13404,4,3
2025-05-04 13:00:00,Brighton,Newcastle United,0.687863,1.63777,1,1
2025-05-04 15:30:00,Chelsea,Liverpool,3.51944,1.4267,3,1
2025-05-05 19:00:00,Crystal Palace,Nottingham Forest,2.34037,0.63684,1,1
2025-05-10 14:00:00,Fulham,Everton,1.20869,1.32604,1,3
2025-05-10 14:00:00,Ipswich,Brentford,0.717433,1.32077,0,1
2025-05-10 14:00:00,Southampton,Manchester City,0.136995,1.58463,0,0
2025-05-10 14:00:00,Wolverhampton Wanderers,Brighton,0.73395,1.41254,0,2
2025-05-10 16:30:00,Bournemouth,Aston Villa,1.02272,1.12376,0,1
2025-05-11 11:00:00,Newcastle United,Chelsea,1.6703,0.646426,2,0
2025-05-11 13:15:00,Tottenham,Crystal Palace,0.806792,3.98546,0,2
2025-05-11 13:15:00,Manchester United,West Ham,2.31287,2.15985,0,2
2025-05-11 13:15:00,Nottingham Forest,Leicester,1.76909,1.22949,2,2
2025-05-11 15:30:00,Liverpool,Arsenal,2.74682,2.18795,2,2
2025-05-16 18:30:00,Aston Villa,Tottenham,1.69061,0.523016,2,0
2025-05-16 19:15:00,Chelsea,Manchester United,1.29571,0.337632,1,0
2025-05-18 11:00:00,Everton,Southampton,2.67793,1.05025,2,0
2025-05-18 13:15:00,West Ham,Nottingham Forest,0.850457,2.14756,1,2
2025-05-18 14:00:00,Brentford,Fulham,2.43045,1.61741,2,3
2025-05-18 14:00:00,Leicester,Ipswich,0.788544,1.36957,2,0
2025-05-18 15:30:00,Arsenal,Newcastle United,1.15958,2.24634,1,0
2025-05-19 19:00:00,Brighton,Liverpool,2.17789,3.065,3,2
2025-05-20 19:00:00,Manchester City,Bournemouth,1.59779,0.962014,3,1
2025-05-20 19:00:00,Crystal Palace,Wolverhampton Wanderers,1.68451,1.42886,4,2
2025-05-25 15:00:00,Tottenham,Brighton,1.85265,3.11624,1,4
2025-05-25 15:00:00,Bournemouth,Leicester,2.72449,0.156702,2,0
2025-05-25 15:00:00,Fulham,Manchester City,2.21797,2.45923,0,2
2025-05-25 15:00:00,Ipswich,West Ham,0.893095,0.967379,1,3
2025-05-25 15:00:00,Liverpool,Crystal Palace,1.92122,1.4144,1,1
2025-05-25 15:00:00,Manchester United,Aston Villa,2.96259,0.335222,2,0
2025-05-25 15:00:00,Newcastle United,Everton,1.1591,1.07279,0,1
2025-05-25 15:00:00,Nottingham Forest,Chelsea,1.58014,1.30874,0,1
2025-05-25 15:00:00,Southampton,Arsenal,0.598144,2.40711,1,2
2025-05-25 15:00:00,Wolverhampton Wanderers,Brentford,1.10889,1.97196,1,1
